Vpos,Apos,DeltaAV,modality_AV,resp_x,resp_RT,SubId,soundpos_A,modality_A,resp_x_A,resp_RT_A,Relative_response
0.0,11.0,11.0,0.0,15.180394826412526,3.789477263439494,1.0,0.0,1.0,23.179033356024508,6.762697592418135,-4.180394826412526
11.0,22.0,11.0,0.0,7.420013614703881,6.467307713281571,1.0,11.0,1.0,13.342409802586793,2.771234829514924,14.57998638529612
-22.0,-11.0,11.0,0.0,-18.686181075561606,5.119269186328893,1.0,0.0,1.0,19.571136827773998,2.649567813198246,7.686181075561606
0.0,11.0,11.0,0.0,4.935330156569095,2.0990151414544016,1.0,22.0,1.0,28.080326752893125,2.1651134502385503,6.064669843430905
0.0,11.0,11.0,0.0,19.33287950987066,7.188892545780163,1.0,0.0,1.0,19.43498978897209,2.446193657411186,-8.332879509870661
-22.0,-11.0,11.0,0.0,-18.37985023825732,3.837035775302411,1.0,0.0,1.0,18.17562968005446,3.72931242104778,7.379850238257319
11.0,22.0,11.0,0.0,16.50782845473111,3.9439440277510585,1.0,11.0,1.0,29.543907420013614,1.2717772683790827,5.492171545268889
0.0,11.0,11.0,0.0,10.619469026548673,3.546977900186903,1.0,22.0,1.0,29.61198093941457,4.26291572277205,0.3805309734513269
-22.0,-11.0,11.0,0.0,-22.089857045609257,6.525705379030114,1.0,0.0,1.0,2.3485364193328797,6.753774136283937,11.089857045609257
11.0,22.0,11.0,0.0,13.68277739959156,2.610234740337546,1.0,11.0,1.0,22.97481279782165,2.231922286570807,8.31722260040844
0.0,11.0,11.0,0.0,2.1443158611300204,2.5234140479797134,1.0,0.0,1.0,3.233492171545269,3.3432537734943253,8.855684138869979
0.0,11.0,11.0,0.0,3.0973451327433628,7.666127114821393,1.0,0.0,1.0,-0.10211027910142954,3.5431586943232105,7.902654867256637
0.0,11.0,11.0,0.0,-1.2593601089176312,3.74268124547325,1.0,22.0,1.0,26.106194690265486,1.5156524567573797,12.259360108917631
0.0,11.0,11.0,0.0,1.4295439074200136,3.953023062153079,1.0,0.0,1.0,-0.0,1.4640976685077476,9.570456092579986
-22.0,-11.0,11.0,0.0,-20.31994554118448,2.3820011021998653,1.0,0.0,1.0,7.828454731109598,2.4135597526401398,9.319945541184481
-11.0,0.0,11.0,0.0,-10.245064669843432,5.069012594462038,1.0,11.0,1.0,20.864533696392105,2.9868961397978637,10.245064669843432
-22.0,-11.0,11.0,0.0,-18.5500340367597,3.231887000777533,1.0,0.0,1.0,4.799183117767189,3.3254652431742215,7.550034036759701
0.0,11.0,11.0,0.0,15.078284547311096,2.4283268567869527,1.0,0.0,1.0,-9.530292716133424,2.486103171807372,-4.078284547311096
11.0,22.0,11.0,0.0,18.039482641252555,2.053912199966362,1.0,11.0,1.0,25.7998638529612,1.5541367459181856,3.9605173587474454
0.0,11.0,11.0,0.0,8.951667801225323,3.666548940431312,1.0,0.0,1.0,17.76718856364874,3.5275116908242126,2.048332198774677
-22.0,-11.0,11.0,0.0,-17.76718856364874,3.6622970024400274,1.0,0.0,1.0,9.257998638529612,3.360318945070503,6.767188563648741
0.0,11.0,11.0,0.0,15.350578624914908,2.7720781599555266,1.0,22.0,1.0,28.72702518720218,2.6262153549650975,-4.350578624914908
-11.0,0.0,11.0,0.0,-10.721579305650103,2.8059521999412027,1.0,11.0,1.0,27.56977535738598,1.7684828584833667,10.721579305650103
-22.0,-11.0,11.0,0.0,-20.52416609938734,4.006283758078098,1.0,0.0,1.0,2.110279101429544,2.5187941754065832,9.52416609938734
0.0,11.0,11.0,0.0,2.6889040163376445,2.441029100513333,1.0,0.0,1.0,5.95643294758339,4.064090867972482,8.311095983662355
11.0,22.0,11.0,0.0,18.58407079646018,1.8233734372406616,1.0,11.0,1.0,20.660313138189245,3.216808098538422,3.4159292035398217
0.0,11.0,11.0,0.0,16.13342409802587,2.5049294252075924,1.0,0.0,1.0,12.389380530973451,3.557875115239767,-5.13342409802587
0.0,11.0,11.0,0.0,13.37644656228727,1.7302580802861485,1.0,22.0,1.0,25.085091899251193,1.8827761065140294,-2.3764465622872706
-11.0,0.0,11.0,0.0,-10.176991150442479,4.627098141337228,1.0,11.0,1.0,18.5500340367597,4.744162927976504,10.176991150442479
-22.0,-11.0,11.0,0.0,-21.78352620830497,5.3382704572595685,1.0,0.0,1.0,6.05854322668482,5.325831253075194,10.78352620830497
-22.0,-11.0,11.0,0.0,-20.626276378488768,1.7289926034563905,1.0,0.0,1.0,10.857726344452008,3.5265416523116073,9.626276378488768
0.0,11.0,11.0,0.0,5.786249149081008,1.5048620614215906,1.0,0.0,1.0,-4.016337644656229,1.6600390325020271,5.213750850918992
0.0,11.0,11.0,0.0,3.4036759700476518,1.6768976218017997,1.0,0.0,1.0,6.126616746085773,2.81404740229209,7.596324029952348
0.0,11.0,11.0,0.0,-0.9530292716133424,3.712474682443826,1.0,0.0,1.0,-4.050374404356705,1.4125197841021873,11.953029271613342
11.0,22.0,11.0,0.0,18.5500340367597,1.362001756590871,1.0,11.0,1.0,26.310415248468345,1.363327540047976,3.449965963240299
-11.0,0.0,11.0,0.0,-8.88359428182437,2.515041691767692,1.0,11.0,1.0,10.449285228046291,2.6791360241641087,8.88359428182437
0.0,11.0,11.0,0.0,-0.987066031313819,3.177710478148583,1.0,22.0,1.0,19.400953029271616,2.495960739102884,11.98706603131382
-22.0,-11.0,11.0,0.0,-15.248468345813478,4.210780322784558,2.0,0.0,1.0,11.061946902654867,4.5845088314963505,4.248468345813478
11.0,22.0,11.0,0.0,8.373042886317222,3.573963832692243,2.0,11.0,1.0,8.168822328114365,3.702916081994772,13.626957113682778
0.0,11.0,11.0,0.0,10.381211708645337,2.896260090987198,2.0,22.0,1.0,5.343771272974813,2.9971469832817093,0.6187882913546634
0.0,11.0,11.0,0.0,6.05854322668482,2.8093142944853753,2.0,0.0,1.0,2.450646698434309,3.535796153359115,4.94145677331518
11.0,22.0,11.0,0.0,8.20285908781484,2.9409755303058773,2.0,11.0,1.0,7.590197413206263,3.2575888512656093,13.79714091218516
11.0,22.0,11.0,0.0,6.8073519400953035,3.94074809725862,2.0,11.0,1.0,11.368277739959156,2.9438782677752897,15.192648059904696
-22.0,-11.0,11.0,0.0,-24.506466984343092,4.006620577070862,2.0,0.0,1.0,-30.19060585432267,2.0249127318384126,13.506466984343092
0.0,11.0,11.0,0.0,0.03403675970047652,2.5704894652590156,2.0,0.0,1.0,-10.245064669843432,3.8987442107172683,10.965963240299523
11.0,22.0,11.0,0.0,5.105513955071477,4.046104737208225,2.0,11.0,1.0,15.010211027910143,2.9357914058491588,16.894486044928524
-22.0,-11.0,11.0,0.0,-15.214431586113003,2.989152185153216,2.0,0.0,1.0,-24.472430224642615,3.5825135802151635,4.214431586113003
0.0,11.0,11.0,0.0,-0.0,0.47326138883363456,2.0,0.0,1.0,-4.5609257998638535,1.68514326994773,11.0
11.0,22.0,11.0,0.0,11.980939414567734,3.797570861876011,2.0,11.0,1.0,11.300204220558204,2.3532592203700915,10.019060585432266
0.0,11.0,11.0,0.0,2.9952348536419335,2.0631423216545954,2.0,0.0,1.0,-5.4458815520762425,2.082192158792168,8.004765146358066
-22.0,-11.0,11.0,0.0,-15.316541865214433,3.0615772363962606,2.0,0.0,1.0,-11.232130701157251,5.703617307008244,4.3165418652144325
11.0,22.0,11.0,0.0,9.530292716133424,5.011952901724726,2.0,11.0,1.0,14.601769911504425,2.310586828389205,12.469707283866576
11.0,22.0,11.0,0.0,5.207624234172907,2.388795541948639,2.0,11.0,1.0,7.930565010211028,1.8062418642221019,16.792375765827092
-22.0,-11.0,11.0,0.0,-17.256637168141594,1.9794636687729508,2.0,0.0,1.0,-19.707283866575903,3.322752407286316,6.256637168141594
-22.0,-11.0,11.0,0.0,-21.238938053097346,4.317430026596412,2.0,0.0,1.0,-10.449285228046291,1.9282363968668506,10.238938053097346
0.0,11.0,11.0,0.0,3.02927161334241,1.2591988457133994,2.0,0.0,1.0,-2.825051055139551,2.7673418442718685,7.970728386657591
-11.0,0.0,11.0,0.0,-10.65350578624915,4.090239564888179,2.0,11.0,1.0,4.731109598366236,1.7943117378745228,10.65350578624915
0.0,11.0,11.0,0.0,3.948264125255276,1.1385769303888083,2.0,0.0,1.0,-5.207624234172907,1.1898138257674873,7.051735874744724
0.0,11.0,11.0,0.0,1.4635806671204903,1.192203957005404,2.0,0.0,1.0,-4.697072838665759,0.9594444347312674,9.53641933287951
11.0,22.0,11.0,0.0,6.1946902654867255,3.9655087795108557,2.0,11.0,1.0,10.415248468345814,2.2851672642864287,15.805309734513274
-22.0,-11.0,11.0,0.0,-21.953710006807352,2.911997554358095,2.0,0.0,1.0,-20.7283866575902,2.4674052303889766,10.953710006807352
0.0,11.0,11.0,0.0,2.825051055139551,1.0635211628396064,2.0,22.0,1.0,6.535057862491491,2.388638359727338,8.17494894486045
-22.0,-11.0,11.0,0.0,-15.963240299523486,5.860449181636795,2.0,0.0,1.0,-15.350578624914908,3.3078107988694683,4.963240299523486
0.0,11.0,11.0,0.0,-0.0,1.3991596207488328,2.0,22.0,1.0,18.413886997957796,2.6157797422492877,11.0
11.0,22.0,11.0,0.0,7.113682777399592,2.913762485492043,2.0,11.0,1.0,9.223961878829137,1.2615848068380728,14.886317222600407
-22.0,-11.0,11.0,0.0,-13.206262763784888,6.697907424182631,2.0,0.0,1.0,16.98434309053778,2.7302667413605377,2.2062627637848884
-11.0,0.0,11.0,0.0,-6.977535738597686,1.5884839362697676,2.0,11.0,1.0,6.73927842069435,1.3560724603012204,6.977535738597686
0.0,11.0,11.0,0.0,0.9189925119128659,3.4048441619379446,2.0,22.0,1.0,2.9952348536419335,1.1841206235112622,10.081007488087135
-22.0,-11.0,11.0,0.0,-15.554799183117767,2.6341379777295515,2.0,0.0,1.0,-19.43498978897209,1.3585328424815089,4.554799183117767
-11.0,0.0,11.0,0.0,-5.0034036759700475,5.30420523241628,2.0,11.0,1.0,3.7780803267528933,27.67065877292771,5.0034036759700475
-22.0,-11.0,11.0,0.0,-18.413886997957796,0.9670145204290748,2.0,0.0,1.0,-11.538461538461538,1.259429807192646,7.413886997957796
0.0,11.0,11.0,0.0,2.450646698434309,0.7710138120455667,2.0,0.0,1.0,-1.9060585432266848,0.88974344660528,8.549353301565692
-11.0,0.0,11.0,0.0,-6.160653505786249,1.7387396924896166,3.0,11.0,1.0,17.120490129339686,1.2480352104175836,6.160653505786249
0.0,11.0,11.0,0.0,2.5187202178352623,1.6424312415765598,3.0,0.0,1.0,-1.2933968686181077,2.1911245632218197,8.481279782164737
-22.0,-11.0,11.0,0.0,-10.925799863852962,1.6360102077014744,3.0,0.0,1.0,4.697072838665759,0.45738253684248775,-0.07420013614703791
-22.0,-11.0,11.0,0.0,-21.443158611300206,1.5656149401329458,3.0,0.0,1.0,-3.1313818924438395,0.539408550132066,10.443158611300206
0.0,11.0,11.0,0.0,2.756977535738598,1.6215779588092119,3.0,0.0,1.0,3.1313818924438395,1.6485985266044736,8.243022464261403
11.0,22.0,11.0,0.0,7.658270932607216,1.4800900151021779,3.0,11.0,1.0,11.640571817562968,0.7611969504505396,14.341729067392784
-22.0,-11.0,11.0,0.0,-12.389380530973451,1.7345927747664973,3.0,0.0,1.0,4.833219877467665,0.49648905848152936,1.389380530973451
-22.0,-11.0,11.0,0.0,-6.84138869979578,0.9490295147988945,3.0,0.0,1.0,1.8039482641252553,1.3176374727627262,-4.15861130020422
-22.0,-11.0,11.0,0.0,-15.316541865214433,2.275139184901491,3.0,0.0,1.0,4.663036078965282,1.1340435735182837,4.3165418652144325
11.0,22.0,11.0,0.0,14.942137508509191,2.2324705549981445,3.0,11.0,1.0,21.817562968005447,0.961097183288075,7.057862491490809
11.0,22.0,11.0,0.0,11.334240980258679,1.830516271525994,3.0,11.0,1.0,8.373042886317222,1.5492832636227831,10.665759019741321
0.0,11.0,11.0,0.0,2.9271613342409806,0.7844622913980857,3.0,22.0,1.0,4.935330156569095,1.2894626843044534,8.072838665759019
11.0,22.0,11.0,0.0,7.420013614703881,1.224131808266975,3.0,11.0,1.0,16.03131381892444,0.647918441100046,14.57998638529612
-22.0,-11.0,11.0,0.0,-14.840027229407761,1.8128247448476031,3.0,0.0,1.0,6.1946902654867255,0.8271838524378836,3.8400272294077613
0.0,11.0,11.0,0.0,7.896528250510552,1.1296942341141403,3.0,0.0,1.0,6.5010211027910145,0.8704161193454638,3.103471749489448
-22.0,-11.0,11.0,0.0,-25.663716814159294,2.0621578921563923,3.0,0.0,1.0,10.176991150442479,0.8229066919302568,14.663716814159294
0.0,11.0,11.0,0.0,8.373042886317222,1.3081451469333842,3.0,22.0,1.0,21.715452688904016,1.0219712535617873,2.626957113682778
-11.0,0.0,11.0,0.0,-12.729748127978217,1.5511490077478811,3.0,11.0,1.0,11.266167460857726,1.222125555970706,12.729748127978217
-22.0,-11.0,11.0,0.0,-6.671204901293397,1.9256605571135879,3.0,0.0,1.0,-8.339006126616747,5.880093223066069,-4.328795098706603
-22.0,-11.0,11.0,0.0,-16.950306330837304,2.031899219029583,3.0,0.0,1.0,3.5398230088495577,0.9425481713842601,5.950306330837304
0.0,11.0,11.0,0.0,4.458815520762424,0.8868854168104008,3.0,0.0,1.0,-9.76855003403676,0.818798590451479,6.541184479237576
11.0,22.0,11.0,0.0,5.1395507147719535,0.6983448578976095,3.0,11.0,1.0,11.061946902654867,1.6730921916896477,16.860449285228047
-11.0,0.0,11.0,0.0,-7.045609257998639,1.0678285864414647,3.0,11.0,1.0,9.87066031313819,0.5127148726023734,7.045609257998639
11.0,22.0,11.0,0.0,11.334240980258679,1.1716583982342854,3.0,11.0,1.0,3.8121170864533696,0.9178328369744122,10.665759019741321
0.0,11.0,11.0,0.0,4.39074200136147,1.2210063020465896,3.0,22.0,1.0,17.256637168141594,0.6659949218155816,6.60925799863853
0.0,11.0,11.0,0.0,3.2675289312457454,0.9421298545785248,3.0,0.0,1.0,5.411844792375766,0.5760468746302649,7.732471068754254
0.0,11.0,11.0,0.0,3.4717494894486047,1.0265207691118121,3.0,0.0,1.0,6.262763784887679,1.3986876273993403,7.528250510551395
0.0,11.0,11.0,0.0,-1.5997277059223962,1.2205578305292875,3.0,22.0,1.0,7.896528250510552,0.4722898832987994,12.599727705922396
-22.0,-11.0,11.0,0.0,-8.10074880871341,0.9064818244660273,3.0,0.0,1.0,2.4846834581347856,0.5243658282561228,-2.8992511912865897
11.0,22.0,11.0,0.0,15.214431586113003,1.200981312082149,3.0,11.0,1.0,11.878829135466304,0.9009471475146711,6.785568413886997
-11.0,0.0,11.0,0.0,-4.118447923757659,3.1217045123921707,3.0,11.0,1.0,6.5010211027910145,1.6547173714498058,4.118447923757659
11.0,22.0,11.0,0.0,23.110959836623554,1.2504973125178367,4.0,11.0,1.0,27.5357385976855,1.5481184567906894,-1.1109598366235538
0.0,11.0,11.0,0.0,5.650102110279102,1.0649879461270757,4.0,0.0,1.0,1.191286589516678,2.055553363461513,5.349897889720898
-11.0,0.0,11.0,0.0,-11.640571817562968,3.8411114906775765,4.0,11.0,1.0,26.038121170864535,1.311542366631329,11.640571817562968
11.0,22.0,11.0,0.0,13.37644656228727,2.344057191396132,4.0,11.0,1.0,18.924438393464943,2.7001291200285777,8.62355343771273
-22.0,-11.0,11.0,0.0,-17.869298842750172,1.8893693329300731,4.0,0.0,1.0,-3.0633083730428865,2.147120142588392,6.869298842750172
-22.0,-11.0,11.0,0.0,-12.219196732471069,1.992381758929696,4.0,0.0,1.0,-18.277739959155888,3.330515469540842,1.2191967324710689
0.0,11.0,11.0,0.0,-2.314499659632403,1.3826873322832398,4.0,22.0,1.0,5.6160653505786255,0.777438162767794,13.314499659632403
-22.0,-11.0,11.0,0.0,-11.742682096664398,1.546511915163137,4.0,0.0,1.0,-2.9952348536419335,1.4302265935693868,0.7426820966643977
11.0,22.0,11.0,0.0,9.734513274336283,0.9473674756009132,4.0,11.0,1.0,7.9986385296119815,0.9179675708292052,12.265486725663717
0.0,11.0,11.0,0.0,3.02927161334241,0.9552150850649923,4.0,0.0,1.0,-2.178352620830497,2.85183791507734,7.970728386657591
11.0,22.0,11.0,0.0,4.084411164057182,1.7963131024152972,4.0,11.0,1.0,10.176991150442479,1.1463807099498808,17.915588835942817
-22.0,-11.0,11.0,0.0,-19.23076923076923,1.2821771077578887,4.0,0.0,1.0,5.820285908781484,0.801016278739553,8.23076923076923
0.0,11.0,11.0,0.0,0.2042205582028591,2.5903662035707384,4.0,0.0,1.0,0.8509189925119129,2.2222224361030385,10.79577944179714
0.0,11.0,11.0,0.0,2.042205582028591,0.9823383072507568,4.0,0.0,1.0,-12.661674608577265,0.9094520660000853,8.957794417971408
-22.0,-11.0,11.0,0.0,-21.647379169503065,2.2903301141341217,4.0,0.0,1.0,-4.867256637168142,1.0510680069564842,10.647379169503065
0.0,11.0,11.0,0.0,10.55139550714772,0.9520000769407488,4.0,0.0,1.0,4.5609257998638535,1.1529185132239945,0.44860449285227944
0.0,11.0,11.0,0.0,5.582028590878148,0.9864967735484242,4.0,0.0,1.0,6.569094622191968,0.9066447884542868,5.417971409121852
-11.0,0.0,11.0,0.0,-5.684138869979578,2.2869255162077025,4.0,11.0,1.0,7.454050374404357,2.30821764661232,5.684138869979578
0.0,11.0,11.0,0.0,7.6923076923076925,0.8184880608459935,4.0,22.0,1.0,21.00068073519401,0.9393934727995656,3.3076923076923075
0.0,11.0,11.0,0.0,2.0081688223281144,1.271604344190564,4.0,0.0,1.0,3.8121170864533696,1.9164364160387777,8.991831177671886
11.0,22.0,11.0,0.0,8.10074880871341,0.6457431297749281,4.0,11.0,1.0,6.330837304288632,1.0131141019519418,13.89925119128659
0.0,11.0,11.0,0.0,1.974132062627638,0.8293912432272919,4.0,0.0,1.0,-4.118447923757659,1.1413564177346416,9.025867937372363
-22.0,-11.0,11.0,0.0,-18.515997277059224,0.9617249791626818,4.0,0.0,1.0,-4.799183117767189,0.9696091593359597,7.515997277059224
-11.0,0.0,11.0,0.0,-4.799183117767189,0.8153006411157548,4.0,11.0,1.0,8.713410483321988,0.7231830568634905,4.799183117767189
0.0,11.0,11.0,0.0,2.450646698434309,0.9504923401982524,4.0,0.0,1.0,1.4976174268209668,1.0024220027262345,8.549353301565692
0.0,11.0,11.0,0.0,4.356705241660994,0.6731371029745787,4.0,0.0,1.0,4.288631722260041,1.257104728370905,6.643294758339006
-22.0,-11.0,11.0,0.0,-22.021783526208306,1.1682781806448475,4.0,0.0,1.0,-9.97277059223962,1.7370128526818007,11.021783526208306
-22.0,-11.0,11.0,0.0,-20.93260721579306,1.2718253720086068,4.0,0.0,1.0,-5.990469707283867,0.8954006008571014,9.932607215793059
0.0,11.0,11.0,0.0,1.5316541865214433,0.8680727113969624,4.0,22.0,1.0,26.310415248468345,0.8685956073459238,9.468345813478557
11.0,22.0,11.0,0.0,7.930565010211028,0.814285003929399,4.0,11.0,1.0,4.424778761061947,0.8681201890576631,14.069434989788972
0.0,11.0,11.0,0.0,3.6419332879509874,0.8148730213288218,4.0,0.0,1.0,-3.880190605854323,0.8777389081078582,7.358066712049013
11.0,22.0,11.0,0.0,7.420013614703881,0.6014050823287107,4.0,11.0,1.0,11.538461538461538,1.291842342063319,14.57998638529612
11.0,22.0,11.0,0.0,6.84138869979578,0.6178060505189933,4.0,11.0,1.0,14.601769911504425,1.0804579670075327,15.158611300204221
0.0,11.0,11.0,0.0,-3.573859768550034,0.7620188274886459,4.0,0.0,1.0,-8.066712049012935,0.6842205722350627,14.573859768550033
0.0,11.0,11.0,0.0,-7.079646017699115,3.46849199058488,5.0,22.0,1.0,10.211027910142954,2.8128581076161936,18.079646017699115
-22.0,-11.0,11.0,0.0,-13.138189244383936,2.069057231536135,5.0,0.0,1.0,-6.705241660993874,2.2662525202613324,2.138189244383936
11.0,22.0,11.0,0.0,17.9714091218516,2.8048895582323894,5.0,11.0,1.0,16.065350578624916,1.1457035115454346,4.0285908781484
-11.0,0.0,11.0,0.0,-6.296800544588155,2.9661051149014384,5.0,11.0,1.0,10.211027910142954,1.1387736967299134,6.296800544588155
0.0,11.0,11.0,0.0,-6.875425459496256,3.2105156619800255,5.0,0.0,1.0,-12.11708645336964,1.0551648807013407,17.875425459496256
0.0,11.0,11.0,0.0,4.935330156569095,2.124337598332204,5.0,0.0,1.0,9.462219196732471,2.9175537452101707,6.064669843430905
-22.0,-11.0,11.0,0.0,-13.036078965282506,2.503166407579556,5.0,0.0,1.0,2.893124574540504,2.8098888284293935,2.036078965282506
11.0,22.0,11.0,0.0,23.315180394826413,1.1277608022792265,5.0,11.0,1.0,13.648740639891082,2.4569664656883106,-1.3151803948264131
11.0,22.0,11.0,0.0,14.840027229407761,2.8003179079387337,5.0,11.0,1.0,13.58066712049013,1.4726340962806717,7.159972770592239
0.0,11.0,11.0,0.0,5.990469707283867,2.478805872495286,5.0,0.0,1.0,7.488087134104833,1.4572426702361554,5.009530292716133
-22.0,-11.0,11.0,0.0,-16.541865214431585,3.2333466463023797,5.0,0.0,1.0,-8.713410483321988,2.951876891660504,5.541865214431585
11.0,22.0,11.0,0.0,15.520762423417292,2.3367222123779356,5.0,11.0,1.0,7.896528250510552,2.6778117285575718,6.479237576582708
-22.0,-11.0,11.0,0.0,-19.80939414567733,1.7952098882524297,5.0,0.0,1.0,7.760381211708646,1.2569051939062774,8.80939414567733
0.0,11.0,11.0,0.0,10.381211708645337,1.2431132519850507,5.0,0.0,1.0,-9.08781484002723,1.0985459964722395,0.6187882913546634
0.0,11.0,11.0,0.0,0.03403675970047652,1.3496415917761624,5.0,0.0,1.0,-7.658270932607216,1.3337028892710805,10.965963240299523
0.0,11.0,11.0,0.0,-13.308373042886318,1.4098686183569953,5.0,0.0,1.0,-20.456092579986386,1.3226540657924488,24.308373042886316
-11.0,0.0,11.0,0.0,-8.645336963921036,0.9199436684139073,5.0,11.0,1.0,9.394145677331519,2.080615156562999,8.645336963921036
11.0,22.0,11.0,0.0,8.917631041524848,2.57124393095728,5.0,11.0,1.0,4.628999319264806,1.6296372930519283,13.082368958475152
0.0,11.0,11.0,0.0,9.18992511912866,1.511122445925139,5.0,0.0,1.0,9.836623553437713,1.8218875259626657,1.8100748808713405
-22.0,-11.0,11.0,0.0,-12.627637848876788,0.8476284423377365,5.0,0.0,1.0,-11.061946902654867,1.5661651035770774,1.6276378488767875
0.0,11.0,11.0,0.0,9.155888359428182,0.7060237292898819,5.0,22.0,1.0,15.04424778761062,1.311384535394609,1.8441116405718176
-22.0,-11.0,11.0,0.0,-17.56296800544588,1.1451013792539015,5.0,0.0,1.0,-13.58066712049013,1.4442591317929327,6.562968005445882
11.0,22.0,11.0,0.0,11.334240980258679,1.4411531940568238,5.0,11.0,1.0,10.993873383253915,1.3918168387608603,10.665759019741321
-22.0,-11.0,11.0,0.0,-12.729748127978217,1.0920999405207112,5.0,0.0,1.0,-13.78488767869299,1.434796960791573,1.7297481279782172
11.0,22.0,11.0,0.0,14.601769911504425,1.699175396352075,5.0,11.0,1.0,9.734513274336283,1.2520198059501126,7.398230088495575
-22.0,-11.0,11.0,0.0,-22.838665759019744,2.0889917571330443,5.0,0.0,1.0,-8.611300204220559,2.4712963809724897,11.838665759019744
-22.0,-11.0,11.0,0.0,-13.921034717494894,0.7609213875839487,5.0,0.0,1.0,-11.538461538461538,1.1015720561845228,2.9210347174948943
0.0,11.0,11.0,0.0,-8.577263444520081,1.4828408326720819,5.0,0.0,1.0,-9.18992511912866,0.701802707859315,19.57726344452008
-11.0,0.0,11.0,0.0,-9.802586793737236,0.8293129692319781,5.0,11.0,1.0,9.019741320626277,0.6740876188268885,9.802586793737236
11.0,22.0,11.0,0.0,10.619469026548673,0.7002397943288088,5.0,11.0,1.0,4.4928522804629,1.0226009741891176,11.380530973451327
0.0,11.0,11.0,0.0,-0.0,1.104347254266031,5.0,0.0,1.0,8.78148400272294,1.882253777817823,11.0
11.0,22.0,11.0,0.0,8.339006126616747,0.9679346091579646,5.0,11.0,1.0,8.168822328114365,1.3255027259001508,13.660993873383253
0.0,11.0,11.0,0.0,9.700476514635808,1.131167966639623,5.0,22.0,1.0,19.094622191967325,1.0579327003797516,1.2995234853641922
11.0,22.0,11.0,0.0,10.381211708645337,1.3639281996292993,5.0,11.0,1.0,7.351940095302927,1.468923780717887,11.618788291354663
0.0,11.0,11.0,0.0,-0.6466984343090538,0.6576504007680342,5.0,0.0,1.0,-0.0,1.0831067718099803,11.646698434309053
-22.0,-11.0,11.0,0.0,-13.989108236895849,1.1658738217083737,5.0,0.0,1.0,7.828454731109598,1.3923159958794713,2.9891082368958486
-11.0,0.0,11.0,0.0,-8.543226684819606,1.3386251686606556,5.0,11.0,1.0,9.632402995234854,1.5366407303372398,8.543226684819606
11.0,22.0,11.0,0.0,18.788291354663038,1.0341162336990237,6.0,11.0,1.0,21.238938053097346,1.268226372078061,3.2117086453369623
0.0,11.0,11.0,0.0,-18.243703199455414,1.2314029491972178,6.0,0.0,1.0,-13.989108236895849,1.1915794506203383,29.243703199455414
-11.0,0.0,11.0,0.0,-23.859768550034037,1.6081635926384479,6.0,11.0,1.0,22.260040844111643,1.758509008679539,23.859768550034037
11.0,22.0,11.0,0.0,17.59700476514636,1.477655180497095,6.0,11.0,1.0,20.31994554118448,1.4168022826779634,4.402995234853641
-22.0,-11.0,11.0,0.0,-23.315180394826413,1.5052984117064625,6.0,0.0,1.0,-20.285908781484004,1.83289913716726,12.315180394826413
-22.0,-11.0,11.0,0.0,-21.78352620830497,1.6092372937127948,6.0,0.0,1.0,-23.34921715452689,1.7476950073614717,10.78352620830497
0.0,11.0,11.0,0.0,15.418652144315862,0.9162612620275468,6.0,22.0,1.0,17.9714091218516,1.3606320302933455,-4.418652144315862
-22.0,-11.0,11.0,0.0,-25.39142273655548,1.1799060392659158,6.0,0.0,1.0,-22.97481279782165,1.6102048116736114,14.39142273655548
11.0,22.0,11.0,0.0,20.183798502382572,1.2303799334913492,6.0,11.0,1.0,17.903335602450646,1.3188398126512766,1.8162014976174277
0.0,11.0,11.0,0.0,17.256637168141594,1.2220254680141807,6.0,0.0,1.0,-20.047651463580667,1.6851053249556571,-6.256637168141594
11.0,22.0,11.0,0.0,19.53710006807352,1.2962160620372742,6.0,11.0,1.0,22.328114363512594,1.4462615347001702,2.4628999319264793
-22.0,-11.0,11.0,0.0,-20.38801906058543,1.1490000016056001,6.0,0.0,1.0,-15.14635806671205,1.3518194693606347,9.388019060585432
0.0,11.0,11.0,0.0,24.91490810074881,0.9584272059146315,6.0,0.0,1.0,21.953710006807352,1.2390266435686499,-13.91490810074881
0.0,11.0,11.0,0.0,22.19196732471069,0.8157083715777844,6.0,0.0,1.0,22.260040844111643,1.3101844410412014,-11.191967324710689
-22.0,-11.0,11.0,0.0,-22.600408441116407,1.1569573229644448,6.0,0.0,1.0,-12.933968686181077,0.9177936997730285,11.600408441116407
0.0,11.0,11.0,0.0,22.94077603812117,1.0855409647338092,6.0,0.0,1.0,-19.74132062627638,1.3207411649636924,-11.940776038121172
0.0,11.0,11.0,0.0,21.10279101429544,1.1198570537380874,6.0,0.0,1.0,-15.861130020422056,1.9567308416590095,-10.102791014295441
-11.0,0.0,11.0,0.0,-20.047651463580667,1.3870709966868162,6.0,11.0,1.0,20.7283866575902,1.1754765007644892,20.047651463580667
0.0,11.0,11.0,0.0,19.979577944179713,1.0186166996136308,6.0,22.0,1.0,21.919673247106875,1.2061194865964353,-8.979577944179713
0.0,11.0,11.0,0.0,20.864533696392105,0.771846063202247,6.0,0.0,1.0,-20.864533696392105,1.0666284922044724,-9.864533696392105
11.0,22.0,11.0,0.0,13.716814159292037,1.0139577931258827,6.0,11.0,1.0,-18.95847515316542,2.046240682946518,8.283185840707963
0.0,11.0,11.0,0.0,10.040844111640572,1.045694689732045,6.0,0.0,1.0,-15.418652144315862,1.2575685980264097,0.9591558883594278
-22.0,-11.0,11.0,0.0,-23.281143635125936,0.8782797686289996,6.0,0.0,1.0,-20.694349897889722,1.120042473077774,12.281143635125936
-11.0,0.0,11.0,0.0,-19.094622191967325,1.5984050068072975,6.0,11.0,1.0,23.008849557522126,0.8064383568707854,19.094622191967325
0.0,11.0,11.0,0.0,25.867937372362153,1.13379559898749,6.0,0.0,1.0,-13.172226004084411,1.419622071320191,-14.867937372362153
0.0,11.0,11.0,0.0,26.718856364874064,1.3729836025740951,6.0,0.0,1.0,-23.0428863172226,1.057167924940586,-15.718856364874064
-22.0,-11.0,11.0,0.0,-18.75425459496256,2.0682943807914853,6.0,0.0,1.0,-18.58407079646018,1.4519758569076657,7.7542545949625605
-22.0,-11.0,11.0,0.0,-17.56296800544588,1.338887258199975,6.0,0.0,1.0,-17.937372362151123,1.229573454707861,6.562968005445882
0.0,11.0,11.0,0.0,18.890401633764466,1.0190032576210797,6.0,22.0,1.0,24.302246426140233,1.0850639424752444,-7.890401633764466
11.0,22.0,11.0,0.0,21.170864533696392,0.7808450062293559,6.0,11.0,1.0,16.167460857726343,1.6849471731111407,0.8291354663036081
0.0,11.0,11.0,0.0,20.490129339686863,0.814593288116157,6.0,0.0,1.0,-9.734513274336283,0.894801676273346,-9.490129339686863
11.0,22.0,11.0,0.0,23.6215112321307,1.1015342022292316,6.0,11.0,1.0,20.21783526208305,1.261755615239963,-1.6215112321307004
11.0,22.0,11.0,0.0,22.36215112321307,0.9842633984517306,6.0,11.0,1.0,23.417290673927845,1.0639771209098399,-0.36215112321307075
0.0,11.0,11.0,0.0,15.04424778761062,0.7478422522544861,6.0,0.0,1.0,-16.235534377127298,0.8673483561724424,-4.044247787610621
11.0,22.0,11.0,0.0,11.266167460857726,1.1171527509577572,7.0,11.0,1.0,4.322668481960518,1.1344166579656303,10.733832539142274
0.0,11.0,11.0,0.0,2.756977535738598,1.0144656118936837,7.0,0.0,1.0,-2.314499659632403,0.7746273563243449,8.243022464261403
-11.0,0.0,11.0,0.0,-2.9271613342409806,1.0071922251954675,7.0,11.0,1.0,8.339006126616747,1.4449347262270749,2.9271613342409806
11.0,22.0,11.0,0.0,5.990469707283867,1.910717281512916,7.0,11.0,1.0,3.0973451327433628,1.3501192554831505,16.009530292716132
-22.0,-11.0,11.0,0.0,-15.656909462219197,2.9894314068369567,7.0,0.0,1.0,-1.395507147719537,3.3159253895282745,4.656909462219197
-22.0,-11.0,11.0,0.0,-8.4070796460177,2.1423136703670025,7.0,0.0,1.0,-0.0,0.880980221554637,-2.5929203539823007
0.0,11.0,11.0,0.0,6.909462219196732,1.3159821699373424,7.0,22.0,1.0,15.282505105513955,2.7272324529476464,4.090537780803268
-22.0,-11.0,11.0,0.0,-7.147719537100068,2.146252391859889,7.0,0.0,1.0,-1.5316541865214433,1.1803567563183606,-3.852280462899932
11.0,22.0,11.0,0.0,11.368277739959156,2.296837441623211,7.0,11.0,1.0,12.185159972770593,2.5685928808525205,10.631722260040844
0.0,11.0,11.0,0.0,2.825051055139551,0.9053259999491274,7.0,0.0,1.0,-0.9189925119128659,0.9516398240812123,8.17494894486045
11.0,22.0,11.0,0.0,9.496255956432949,3.4627131884917617,7.0,11.0,1.0,5.95643294758339,1.5263351891189814,12.503744043567051
-22.0,-11.0,11.0,0.0,-12.11708645336964,2.6987654198892415,7.0,0.0,1.0,0.987066031313819,0.5351211242377758,1.1170864533696392
0.0,11.0,11.0,0.0,3.437712729748128,1.3248412464745343,7.0,0.0,1.0,-1.9400953029271615,1.2058580382727087,7.562287270251872
0.0,11.0,11.0,0.0,4.969366916269571,0.9986568307504058,7.0,0.0,1.0,0.17018379850238258,1.7102543744258583,6.030633083730429
-22.0,-11.0,11.0,0.0,-6.84138869979578,2.090138599742204,7.0,0.0,1.0,-2.893124574540504,2.017532091587782,-4.15861130020422
0.0,11.0,11.0,0.0,6.228727025187203,1.6853722264058888,7.0,0.0,1.0,2.0081688223281144,2.403906321618706,4.771272974812797
0.0,11.0,11.0,0.0,5.990469707283867,1.9863806455396116,7.0,0.0,1.0,-3.8461538461538463,1.906740064267069,5.009530292716133
-11.0,0.0,11.0,0.0,-4.016337644656229,1.0535236932337284,7.0,11.0,1.0,4.867256637168142,0.9919746699742973,4.016337644656229
0.0,11.0,11.0,0.0,10.040844111640572,1.5681617320515215,7.0,22.0,1.0,18.243703199455414,3.3223428949713707,0.9591558883594278
0.0,11.0,11.0,0.0,10.142954390742002,2.054667327553034,7.0,0.0,1.0,1.1572498298162015,1.0832832092419267,0.8570456092579981
11.0,22.0,11.0,0.0,12.831858407079647,1.5971317715011537,7.0,11.0,1.0,13.648740639891082,2.1281431899406016,9.168141592920353
0.0,11.0,11.0,0.0,4.935330156569095,1.3951165368780494,7.0,0.0,1.0,-2.24642614023145,0.6745453933253884,6.064669843430905
-22.0,-11.0,11.0,0.0,-13.716814159292037,1.6259876075200737,7.0,0.0,1.0,1.0211027910142956,1.0530922235921025,2.7168141592920367
-11.0,0.0,11.0,0.0,-0.5445881552076243,0.7985820858739316,7.0,11.0,1.0,10.823689584751532,1.2728913738392293,0.5445881552076243
0.0,11.0,11.0,0.0,7.9986385296119815,1.4503927333280444,7.0,0.0,1.0,-1.5656909462219197,0.45251992531120777,3.0013614703880185
0.0,11.0,11.0,0.0,7.420013614703881,2.156199926044792,7.0,0.0,1.0,0.17018379850238258,2.3737227143719792,3.5799863852961193
-22.0,-11.0,11.0,0.0,-8.20285908781484,1.284920867998153,7.0,0.0,1.0,3.7780803267528933,1.2382227312773466,-2.79714091218516
-22.0,-11.0,11.0,0.0,-13.206262763784888,2.2385188252665102,7.0,0.0,1.0,1.395507147719537,0.9796179649420083,2.2062627637848884
0.0,11.0,11.0,0.0,7.964601769911504,1.9822510508820415,7.0,0.0,1.0,-0.5445881552076243,0.8285003951750696,3.0353982300884956
11.0,22.0,11.0,0.0,11.504424778761063,1.4084924077615142,7.0,11.0,1.0,13.104152484683459,1.5461166957393289,10.495575221238937
11.0,22.0,11.0,0.0,8.9857045609258,1.2647165535017848,7.0,11.0,1.0,8.9857045609258,1.7235622368752956,13.0142954390742
0.0,11.0,11.0,0.0,9.76855003403676,1.2473044395446777,7.0,0.0,1.0,1.1572498298162015,0.6012430810369551,1.2314499659632396
-22.0,-11.0,11.0,0.0,-6.671204901293397,1.1449371320195496,7.0,0.0,1.0,1.191286589516678,0.4559787376783788,-4.328795098706603
-11.0,0.0,11.0,0.0,-1.9060585432266848,0.8807251891121268,7.0,11.0,1.0,5.786249149081008,1.6585463816300035,1.9060585432266848
11.0,22.0,11.0,0.0,21.613342409802588,2.0505117485299706,8.0,11.0,1.0,20.38801906058543,1.7179762325249612,0.3866575901974123
0.0,11.0,11.0,0.0,-14.533696392103472,1.8645840655080974,8.0,0.0,1.0,17.903335602450646,1.2387196430936456,25.533696392103472
-11.0,0.0,11.0,0.0,-19.094622191967325,1.1570051214657724,8.0,11.0,1.0,22.77059223961879,1.0447390414774418,19.094622191967325
11.0,22.0,11.0,0.0,18.07351940095303,1.277479384560138,8.0,11.0,1.0,29.10142954390742,1.0823811334557831,3.9264805990469718
-22.0,-11.0,11.0,0.0,-19.60517358747447,0.9895042274147272,8.0,0.0,1.0,-26.208304969366917,1.9294141801074147,8.605173587474471
-22.0,-11.0,11.0,0.0,-24.02995234853642,1.359030941966921,8.0,0.0,1.0,-23.14499659632403,1.4474131888709962,13.029952348536419
0.0,11.0,11.0,0.0,-0.0,0.3827059385366738,8.0,22.0,1.0,19.298842750170184,1.0438517220318317,11.0
-22.0,-11.0,11.0,0.0,-28.454731109598367,1.246485449373722,8.0,0.0,1.0,-29.271613342409804,1.8800848820246756,17.454731109598367
11.0,22.0,11.0,0.0,22.123893805309734,1.2970918323844671,8.0,11.0,1.0,22.36215112321307,2.0518937334418297,-0.12389380530973426
0.0,11.0,11.0,0.0,-0.0,0.4553294484503567,8.0,0.0,1.0,-22.600408441116407,1.4848785232752562,11.0
11.0,22.0,11.0,0.0,21.10279101429544,1.2937116147950292,8.0,11.0,1.0,22.260040844111643,1.2797939209267497,0.8972089857045589
-22.0,-11.0,11.0,0.0,-18.75425459496256,1.3154865419492126,8.0,0.0,1.0,13.648740639891082,1.9177221627905965,7.7542545949625605
0.0,11.0,11.0,0.0,-0.0,0.5416624560020864,8.0,0.0,1.0,-0.0,1.2213935013860464,11.0
0.0,11.0,11.0,0.0,-0.0,0.004513266030699015,8.0,0.0,1.0,1.6678012253233492,2.2429413055069745,11.0
-22.0,-11.0,11.0,0.0,-27.297481279782165,1.4236612017266452,8.0,0.0,1.0,-0.0,2.1340782195329666,16.297481279782165
0.0,11.0,11.0,0.0,-0.0,0.3686387543566525,8.0,0.0,1.0,-1.8720217835262083,1.420629688538611,11.0
0.0,11.0,11.0,0.0,-0.0,0.45289621828123927,8.0,0.0,1.0,3.4036759700476518,1.7398605500347912,11.0
-11.0,0.0,11.0,0.0,-9.053778080326753,0.9868932762183249,8.0,11.0,1.0,2.0081688223281144,1.5555089330300689,9.053778080326753
0.0,11.0,11.0,0.0,-0.0,0.21908794762566686,8.0,22.0,1.0,28.556841388699798,1.7224872522056103,11.0
0.0,11.0,11.0,0.0,-0.0,0.8715998530387878,8.0,0.0,1.0,-7.454050374404357,0.8499519610777497,11.0
11.0,22.0,11.0,0.0,13.614703880190607,1.1972376336343586,8.0,11.0,1.0,-0.03403675970047652,0.7462745266966522,8.385296119809393
0.0,11.0,11.0,0.0,-0.03403675970047652,0.3957071201875806,8.0,0.0,1.0,-11.674608577263445,2.338465092238039,11.034036759700477
-22.0,-11.0,11.0,0.0,-22.56637168141593,0.994981802534312,8.0,0.0,1.0,-0.0,2.053166006691754,11.56637168141593
-11.0,0.0,11.0,0.0,-9.08781484002723,1.1317591918632388,8.0,11.0,1.0,12.525527569775358,1.1062402660027146,9.08781484002723
0.0,11.0,11.0,0.0,-0.0,0.2837785165756941,8.0,0.0,1.0,-0.0,0.3856639894656837,11.0
0.0,11.0,11.0,0.0,-0.0,0.3229264207184315,8.0,0.0,1.0,5.95643294758339,2.0037985341623425,11.0
-22.0,-11.0,11.0,0.0,-16.303607896528252,0.7683051275089383,8.0,0.0,1.0,-0.0,0.6546403802931309,5.303607896528252
-22.0,-11.0,11.0,0.0,-15.793056501021104,0.8719559358432889,8.0,0.0,1.0,-5.854322668481961,2.313017703127116,4.793056501021104
0.0,11.0,11.0,0.0,-0.0,0.3526868992485106,8.0,22.0,1.0,20.966643975493533,0.9684353698976338,11.0
11.0,22.0,11.0,0.0,8.543226684819606,0.8141554025933146,8.0,11.0,1.0,-0.0,0.9010164393112063,13.456773315180394
0.0,11.0,11.0,0.0,-0.0,0.4312935578636825,8.0,0.0,1.0,-0.0,0.9945965278893709,11.0
11.0,22.0,11.0,0.0,18.686181075561606,1.3515176009386778,8.0,11.0,1.0,13.172226004084411,1.2449648808687925,3.3138189244383938
11.0,22.0,11.0,0.0,13.818924438393465,0.8826765855774283,8.0,11.0,1.0,13.750850918992512,1.33042211830616,8.181075561606535
0.0,11.0,11.0,0.0,16.099387338325393,1.2308794115670025,8.0,0.0,1.0,-0.0,0.5843038186430931,-5.099387338325393
11.0,22.0,11.0,0.0,21.238938053097346,1.2173774680122733,9.0,11.0,1.0,5.513955071477196,2.051461622584611,0.7610619469026538
0.0,11.0,11.0,0.0,11.640571817562968,1.7479888554662466,9.0,0.0,1.0,-8.30496936691627,2.1749747777357697,-0.640571817562968
-11.0,0.0,11.0,0.0,-16.60993873383254,1.9240636392496526,9.0,11.0,1.0,11.81075561606535,2.028291237074882,16.60993873383254
11.0,22.0,11.0,0.0,22.498298162014976,1.5262950896285474,9.0,11.0,1.0,7.181756296800545,2.3167363591492176,-0.4982981620149758
-22.0,-11.0,11.0,0.0,-27.876106194690266,1.4894854607991874,9.0,0.0,1.0,-3.982300884955752,3.7822712608613074,16.876106194690266
-22.0,-11.0,11.0,0.0,-28.897208985704562,1.4257758827880025,9.0,0.0,1.0,-4.39074200136147,1.4807216604240239,17.897208985704562
0.0,11.0,11.0,0.0,9.97277059223962,1.499201380647719,9.0,22.0,1.0,11.708645336963922,1.8438780270516872,1.0272294077603803
-22.0,-11.0,11.0,0.0,-9.326072157930565,1.4799052374437451,9.0,0.0,1.0,6.024506466984343,2.180188338737935,-1.6739278420694355
11.0,22.0,11.0,0.0,19.979577944179713,2.5804167445749044,9.0,11.0,1.0,8.645336963921036,1.818680217023939,2.020422055820287
0.0,11.0,11.0,0.0,7.930565010211028,1.8353243479505181,9.0,0.0,1.0,-0.0,1.1851192796602845,3.069434989788972
0.0,11.0,11.0,0.0,11.095983662355344,1.351166330743581,9.0,22.0,1.0,16.678012253233494,1.3393097454681993,-0.09598366235534428
0.0,11.0,11.0,0.0,10.585432266848196,1.388468380086124,9.0,0.0,1.0,-8.032675289312458,1.249992380850017,0.41456773315180406
11.0,22.0,11.0,0.0,18.209666439754937,1.4641211577691138,9.0,11.0,1.0,9.66643975493533,1.7630360685288906,3.790333560245063
0.0,11.0,11.0,0.0,9.97277059223962,1.9624689030461013,9.0,0.0,1.0,-9.598366235534378,1.5732662230730057,1.0272294077603803
-22.0,-11.0,11.0,0.0,-8.917631041524848,2.145173558034003,9.0,0.0,1.0,-8.270932607215792,2.1349568772129714,-2.0823689584751524
-11.0,0.0,11.0,0.0,-10.006807351940095,1.7152350386604667,9.0,11.0,1.0,10.040844111640572,2.023114887997508,10.006807351940095
0.0,11.0,11.0,0.0,9.019741320626277,1.550610071979463,9.0,0.0,1.0,-7.760381211708646,1.385732960421592,1.9802586793737227
0.0,11.0,11.0,0.0,10.517358747447243,1.8563348203897476,9.0,0.0,1.0,-6.330837304288632,5.357067997101694,0.4826412525527566
-22.0,-11.0,11.0,0.0,-12.729748127978217,2.5337134753353894,9.0,0.0,1.0,-11.027910142954392,1.7880699522793293,1.7297481279782172
-22.0,-11.0,11.0,0.0,-7.726344452008169,1.3883185684680939,9.0,0.0,1.0,-10.55139550714772,1.3962085228413343,-3.2736555479918312
0.0,11.0,11.0,0.0,12.457454050374405,0.9693996799178421,9.0,22.0,1.0,12.627637848876788,1.3018113696016371,-1.4574540503744053
11.0,22.0,11.0,0.0,19.775357385976857,1.514029169920832,9.0,11.0,1.0,7.3859768550034035,2.018094766419381,2.224642614023143
0.0,11.0,11.0,0.0,9.700476514635808,1.048329059034586,9.0,0.0,1.0,-5.582028590878148,1.0279094907455146,1.2995234853641922
11.0,22.0,11.0,0.0,19.02654867256637,1.4509980734437704,9.0,11.0,1.0,5.718175629680054,1.4784305421635509,2.9734513274336294
11.0,22.0,11.0,0.0,20.38801906058543,1.317626886535436,9.0,11.0,1.0,11.538461538461538,2.4800171949900687,1.6119809394145683
0.0,11.0,11.0,0.0,15.486725663716815,1.2645600056275725,9.0,0.0,1.0,-10.381211708645337,0.9675980950705707,-4.486725663716815
11.0,22.0,11.0,0.0,18.95847515316542,0.9129666965454817,9.0,11.0,1.0,11.538461538461538,1.2628950788639486,3.04152484683458
-22.0,-11.0,11.0,0.0,-24.268209666439756,1.3656961009837687,9.0,0.0,1.0,-5.207624234172907,0.9518663054332137,13.268209666439756
0.0,11.0,11.0,0.0,7.760381211708646,1.09177080495283,9.0,0.0,1.0,-4.5609257998638535,2.0390507029369473,3.239618788291354
0.0,11.0,11.0,0.0,5.786249149081008,1.5991524597629905,9.0,0.0,1.0,5.854322668481961,1.7769072470255196,5.213750850918992
-22.0,-11.0,11.0,0.0,-15.554799183117767,1.390368769876659,9.0,0.0,1.0,-9.66643975493533,1.5845267712138593,4.554799183117767
0.0,11.0,11.0,0.0,2.0081688223281144,2.951957411132753,9.0,0.0,1.0,4.697072838665759,1.1874065482988954,8.991831177671886
0.0,11.0,11.0,0.0,12.49149081007488,1.803070971276611,9.0,0.0,1.0,-6.228727025187203,1.723345379345119,-1.4914908100748807
-11.0,0.0,11.0,0.0,-8.441116405718176,1.7001826926134527,9.0,11.0,1.0,8.815520762423418,3.025286991149187,8.441116405718176
11.0,22.0,11.0,0.0,9.632402995234854,2.500434196088463,10.0,11.0,1.0,21.238938053097346,1.184778916183859,12.367597004765146
0.0,11.0,11.0,0.0,5.3097345132743365,1.3311878559179604,10.0,0.0,1.0,-17.631041524846836,1.2919809254817665,5.6902654867256635
-11.0,0.0,11.0,0.0,-12.185159972770593,1.5247453288175166,10.0,11.0,1.0,21.272974812797823,1.0784815489314497,12.185159972770593
11.0,22.0,11.0,0.0,13.4785568413887,1.207810718100518,10.0,11.0,1.0,12.083049693669164,2.8502961741760373,8.5214431586113
-22.0,-11.0,11.0,0.0,-16.746085772634444,1.3061138726770878,10.0,0.0,1.0,-0.5445881552076243,2.064810546580702,5.746085772634444
-22.0,-11.0,11.0,0.0,-16.371681415929203,1.3090388821437955,10.0,0.0,1.0,9.121851599727707,1.230767454020679,5.371681415929203
0.0,11.0,11.0,0.0,6.092579986385297,0.7827944778837264,10.0,22.0,1.0,13.818924438393465,0.5940466853789985,4.907420013614703
-22.0,-11.0,11.0,0.0,-16.03131381892444,1.563095095101744,10.0,0.0,1.0,-9.938733832539143,0.8137544086202979,5.031313818924438
11.0,22.0,11.0,0.0,10.823689584751532,0.7465061410330236,10.0,11.0,1.0,10.585432266848196,0.5853720661252737,11.176310415248468
0.0,11.0,11.0,0.0,6.977535738597686,1.3389363400638103,10.0,0.0,1.0,-2.24642614023145,0.5020670429803431,4.022464261402314
11.0,22.0,11.0,0.0,11.640571817562968,0.8284615790471435,10.0,11.0,1.0,12.729748127978217,0.5130000594072044,10.359428182437032
-22.0,-11.0,11.0,0.0,-14.023144996596324,0.9323000521399081,10.0,0.0,1.0,14.976174268209666,0.9018110483884811,3.023144996596324
0.0,11.0,11.0,0.0,15.384615384615385,0.6751565081067383,10.0,0.0,1.0,-5.207624234172907,0.605737098492682,-4.384615384615385
0.0,11.0,11.0,0.0,-0.9189925119128659,2.165452618151903,10.0,0.0,1.0,-0.3744043567052417,0.7596298665739596,11.918992511912865
-22.0,-11.0,11.0,0.0,-14.56773315180395,0.6734293471090496,10.0,0.0,1.0,16.099387338325393,1.2675658552907407,3.5677331518039495
0.0,11.0,11.0,0.0,6.296800544588155,0.8022494148463011,10.0,0.0,1.0,-3.880190605854323,0.48740542540326715,4.703199455411845
0.0,11.0,11.0,0.0,2.5187202178352623,1.2701164968311787,10.0,0.0,1.0,-9.257998638529612,0.4069522703066468,8.481279782164737
-11.0,0.0,11.0,0.0,-9.18992511912866,1.2372000366449356,10.0,11.0,1.0,15.04424778761062,0.7587130344472826,9.18992511912866
0.0,11.0,11.0,0.0,5.071477195371001,1.2685805298388004,10.0,22.0,1.0,16.98434309053778,0.6216571950353682,5.928522804628999
0.0,11.0,11.0,0.0,15.690946221919674,0.8719100621528924,10.0,0.0,1.0,7.658270932607216,1.033465982414782,-4.690946221919674
11.0,22.0,11.0,0.0,22.226004084411166,1.0807149237953126,10.0,11.0,1.0,16.78012253233492,0.8463568105362356,-0.2260040844111657
0.0,11.0,11.0,0.0,5.4458815520762425,0.9456021403893828,10.0,0.0,1.0,-9.18992511912866,0.6244346387684345,5.5541184479237575
-22.0,-11.0,11.0,0.0,-16.848196051735876,0.9118484053760767,10.0,0.0,1.0,-3.6419332879509874,1.0533164595253766,5.848196051735876
-11.0,0.0,11.0,0.0,-8.713410483321988,0.8319951370358467,10.0,11.0,1.0,13.172226004084411,0.7229864094406366,8.713410483321988
0.0,11.0,11.0,0.0,15.010211027910143,0.7005955562926829,10.0,0.0,1.0,8.20285908781484,0.45231846580281854,-4.0102110279101435
0.0,11.0,11.0,0.0,20.31994554118448,1.0395902805030346,10.0,0.0,1.0,-6.909462219196732,0.4737379518337548,-9.319945541184481
-22.0,-11.0,11.0,0.0,-16.91626957113683,0.6517201834358275,10.0,0.0,1.0,12.525527569775358,0.6044763741083443,5.91626957113683
-22.0,-11.0,11.0,0.0,-17.869298842750172,0.9055242515169084,10.0,0.0,1.0,-1.1572498298162015,1.496352078858763,6.869298842750172
0.0,11.0,11.0,0.0,7.147719537100068,0.869465924333781,10.0,22.0,1.0,20.52416609938734,0.7017411151900887,3.852280462899932
11.0,22.0,11.0,0.0,19.911504424778762,0.7641033539548516,10.0,11.0,1.0,1.8720217835262083,1.5348779615014791,2.0884955752212377
0.0,11.0,11.0,0.0,18.209666439754937,0.7814336651936173,10.0,0.0,1.0,-5.95643294758339,0.56144332094118,-7.209666439754937
11.0,22.0,11.0,0.0,9.938733832539143,0.7512019388377666,10.0,11.0,1.0,-0.7488087134104834,1.3449775520712137,12.061266167460857
11.0,22.0,11.0,0.0,13.172226004084411,0.8676030673086643,10.0,11.0,1.0,-0.4765146358066712,1.093737278599292,8.827773995915589
0.0,11.0,11.0,0.0,5.820285908781484,0.5464621922001243,10.0,0.0,1.0,10.176991150442479,0.6678103008307517,5.179714091218516
0.0,11.0,11.0,0.0,25.527569775357385,4.849134895950556,11.0,0.0,1.0,-28.658951667801226,4.228322033304721,-14.527569775357385
11.0,22.0,11.0,0.0,10.755616065350578,1.3254135446622968,11.0,11.0,1.0,19.843430905377808,1.8462474192492664,11.244383934649422
11.0,22.0,11.0,0.0,10.381211708645337,1.498190876096487,11.0,11.0,1.0,25.357385976855003,1.1567853768356144,11.618788291354663
0.0,11.0,11.0,0.0,27.773995915588838,1.6640958152711391,11.0,0.0,1.0,14.057181756296801,2.417115699965507,-16.773995915588838
-22.0,-11.0,11.0,0.0,-10.176991150442479,1.4615368330851197,11.0,0.0,1.0,9.496255956432949,2.875479869544506,-0.823008849557521
-11.0,0.0,11.0,0.0,-10.347174948944861,2.913829635363072,11.0,11.0,1.0,24.74472430224643,1.9741243501193821,10.347174948944861
0.0,11.0,11.0,0.0,15.384615384615385,2.91541917482391,11.0,0.0,1.0,-23.75765827093261,3.1951553532853723,-4.384615384615385
11.0,22.0,11.0,0.0,9.18992511912866,4.275381706189364,11.0,11.0,1.0,20.7283866575902,1.913207293022424,12.81007488087134
11.0,22.0,11.0,0.0,8.611300204220559,1.4143449924886227,11.0,11.0,1.0,9.700476514635808,1.673840927425772,13.388699795779441
0.0,11.0,11.0,0.0,18.311776718856365,1.4474026025272906,11.0,0.0,1.0,-0.5105513955071478,1.6511741899885237,-7.311776718856365
-22.0,-11.0,11.0,0.0,-10.55139550714772,2.411538998130709,11.0,0.0,1.0,-4.663036078965282,3.5417291815392673,-0.44860449285227944
-11.0,0.0,11.0,0.0,-6.1946902654867255,1.3640430443920195,11.0,11.0,1.0,18.107556160653505,0.9919541389681399,6.1946902654867255
-22.0,-11.0,11.0,0.0,-13.104152484683459,1.2826958331279457,11.0,0.0,1.0,-7.930565010211028,1.2331313928589225,2.1041524846834587
-22.0,-11.0,11.0,0.0,-8.032675289312458,3.2822961225174367,11.0,0.0,1.0,6.671204901293397,2.554750252980739,-2.967324710687542
0.0,11.0,11.0,0.0,11.232130701157251,8.235509446356446,11.0,0.0,1.0,3.982300884955752,1.0609334176406264,-0.2321307011572511
11.0,22.0,11.0,0.0,15.827093260721579,2.352100806776434,11.0,11.0,1.0,20.558202859087814,3.630888072773814,6.172906739278421
0.0,11.0,11.0,0.0,1.4635806671204903,5.091504544951022,11.0,0.0,1.0,1.8379850238257318,2.912986585870385,9.53641933287951
-22.0,-11.0,11.0,0.0,0.03403675970047652,3.7921260856091976,11.0,0.0,1.0,1.974132062627638,0.9973977105692029,-11.034036759700477
11.0,22.0,11.0,0.0,7.351940095302927,1.343594605103135,11.0,11.0,1.0,5.1395507147719535,1.9877388919703662,14.648059904697073
0.0,11.0,11.0,0.0,3.301565690946222,0.7188388505019248,11.0,22.0,1.0,13.716814159292037,0.6709027653560042,7.698434309053778
11.0,22.0,11.0,0.0,7.624234172906739,0.8729404555633664,11.0,11.0,1.0,8.509189925119129,0.9195519774220884,14.375765827093261
-22.0,-11.0,11.0,0.0,-15.452688904016338,1.6273975023068488,11.0,0.0,1.0,-7.590197413206263,1.3782561901025474,4.4526889040163375
-11.0,0.0,11.0,0.0,-5.7522123893805315,2.4753634207881987,11.0,11.0,1.0,3.6759700476514636,1.194769757334143,5.7522123893805315
-11.0,0.0,11.0,0.0,-3.1313818924438395,1.5680885910987854,11.0,11.0,1.0,14.46562287270252,1.6004606615751982,3.1313818924438395
0.0,11.0,11.0,0.0,-0.0,1.2331050876528025,11.0,0.0,1.0,5.0034036759700475,1.1332332454621792,11.0
-22.0,-11.0,11.0,0.0,-7.896528250510552,2.1993587305769324,11.0,0.0,1.0,-0.0,1.2299349908716977,-3.103471749489448
11.0,22.0,11.0,0.0,7.317903335602451,4.106450386811048,11.0,11.0,1.0,10.313138189244384,0.9552070652134717,14.682096664397548
0.0,11.0,11.0,0.0,9.836623553437713,1.8255484392866492,12.0,0.0,1.0,5.27569775357386,3.34334310144186,1.1633764465622871
11.0,22.0,11.0,0.0,14.023144996596324,2.107370426878333,12.0,11.0,1.0,16.439754935330157,1.6750368513166904,7.976855003403676
11.0,22.0,11.0,0.0,12.083049693669164,1.7066483171656728,12.0,11.0,1.0,10.789652825051055,1.6909771575592458,9.916950306330836
0.0,11.0,11.0,0.0,8.373042886317222,1.8761102315038443,12.0,0.0,1.0,-9.802586793737236,2.0212809024378657,2.626957113682778
-22.0,-11.0,11.0,0.0,-15.418652144315862,1.7681367103941739,12.0,0.0,1.0,5.411844792375766,1.7082301578484476,4.418652144315862
-11.0,0.0,11.0,0.0,-12.355343771272976,1.659916817676276,12.0,11.0,1.0,17.256637168141594,1.4795462675392628,12.355343771272976
-22.0,-11.0,11.0,0.0,-19.400953029271616,1.7447000644169748,12.0,0.0,1.0,9.564329475833901,1.5584361883811653,8.400953029271616
-11.0,0.0,11.0,0.0,7.3859768550034035,1.340570469852537,12.0,11.0,1.0,20.31994554118448,1.7749006738886237,-7.3859768550034035
11.0,22.0,11.0,0.0,10.619469026548673,2.307491045910865,12.0,11.0,1.0,16.8141592920354,1.8813857063651085,11.380530973451327
0.0,11.0,11.0,0.0,16.371681415929203,1.3075494305230677,12.0,22.0,1.0,22.736555479918312,1.8845801833085716,-5.371681415929203
-22.0,-11.0,11.0,0.0,-18.447923757658273,2.2642568545415998,12.0,0.0,1.0,4.969366916269571,1.5569287720136344,7.447923757658273
11.0,22.0,11.0,0.0,13.036078965282506,1.4023058749735355,12.0,11.0,1.0,14.091218515997278,1.5585500705055892,8.963921034717494
-11.0,0.0,11.0,0.0,4.084411164057182,1.7806236576288939,12.0,11.0,1.0,10.176991150442479,2.0921948957256973,-4.084411164057182
0.0,11.0,11.0,0.0,10.721579305650103,1.5384833770804107,12.0,0.0,1.0,7.590197413206263,2.1973576112650335,0.27842069434989725
0.0,11.0,11.0,0.0,10.245064669843432,1.500491939485073,12.0,0.0,1.0,4.2545949625595645,1.3573204632848501,0.7549353301565684
0.0,11.0,11.0,0.0,11.538461538461538,1.3901416473090649,12.0,0.0,1.0,3.7440435670524166,1.971631130669266,-0.5384615384615383
-22.0,-11.0,11.0,0.0,-17.528931245745405,1.3510489193722606,12.0,0.0,1.0,5.173587474472431,1.266142808366567,6.5289312457454045
0.0,11.0,11.0,0.0,13.138189244383936,1.2261210582219064,12.0,0.0,1.0,4.084411164057182,2.253684411291033,-2.138189244383936
11.0,22.0,11.0,0.0,11.878829135466304,1.5551676070317626,12.0,11.0,1.0,14.908100748808714,1.579752057325095,10.121170864533696
11.0,22.0,11.0,0.0,14.56773315180395,1.3005480784922838,12.0,11.0,1.0,23.179033356024508,1.8320365194231272,7.4322668481960505
11.0,22.0,11.0,0.0,12.423417290673928,0.9245849312283099,12.0,11.0,1.0,10.279101429543907,1.3565030773170292,9.576582709326072
11.0,22.0,11.0,0.0,13.68277739959156,1.372212410904467,12.0,11.0,1.0,15.14635806671205,1.1467865156009793,8.31722260040844
0.0,11.0,11.0,0.0,7.488087134104833,1.2059946972876787,12.0,22.0,1.0,13.308373042886318,0.8795058471150696,3.511912865895167
11.0,22.0,11.0,0.0,9.938733832539143,1.0214108247309923,12.0,11.0,1.0,7.556160653505787,1.6330649880692363,12.061266167460857
0.0,11.0,11.0,0.0,10.07488087134105,0.9016153635457158,12.0,0.0,1.0,-4.288631722260041,0.8477837070822716,0.9251191286589506
0.0,11.0,11.0,0.0,9.836623553437713,1.1477524298243225,12.0,0.0,1.0,-7.283866575901975,1.2733026333153248,1.1633764465622871
-22.0,-11.0,11.0,0.0,-17.76718856364874,0.9568325337022543,12.0,0.0,1.0,5.7522123893805315,1.82682712841779,6.767188563648741
11.0,22.0,11.0,0.0,15.010211027910143,1.4522847826592624,12.0,11.0,1.0,9.08781484002723,1.129981345962733,6.9897889720898565
-22.0,-11.0,11.0,0.0,-20.830496936691627,1.4495852920226753,12.0,0.0,1.0,2.6208304969366916,2.525226842146367,9.830496936691627
-22.0,-11.0,11.0,0.0,-16.71204901293397,1.0862361276522279,12.0,0.0,1.0,-5.650102110279102,1.4804037525318563,5.712049012933971
11.0,22.0,11.0,0.0,13.410483321987748,0.997479512821883,12.0,11.0,1.0,10.381211708645337,1.7122083371505141,8.589516678012252
0.0,11.0,11.0,0.0,4.356705241660994,1.8979522045701742,12.0,0.0,1.0,5.27569775357386,1.3911075610667467,6.643294758339006
11.0,22.0,11.0,0.0,24.506466984343092,1.8883629986084998,13.0,11.0,1.0,19.060585432266848,1.4027931625023484,-2.506466984343092
0.0,11.0,11.0,0.0,24.846834581347856,3.6104316134005785,13.0,0.0,1.0,-4.935330156569095,2.7009343155659735,-13.846834581347856
-11.0,0.0,11.0,0.0,-9.564329475833901,3.403848899062723,13.0,11.0,1.0,22.15793056501021,1.2961637722328305,9.564329475833901
-22.0,-11.0,11.0,0.0,-26.310415248468345,1.6521109114401042,13.0,0.0,1.0,-4.526889040163376,1.1952371560037136,15.310415248468345
0.0,11.0,11.0,0.0,1.0211027910142956,1.903510620817542,13.0,0.0,1.0,-7.964601769911504,0.667941827327013,9.978897208985705
11.0,22.0,11.0,0.0,25.459496255956434,1.1378565435297787,13.0,11.0,1.0,6.84138869979578,1.1033906433731318,-3.4594962559564344
0.0,11.0,11.0,0.0,9.734513274336283,0.9484953912906349,13.0,22.0,1.0,15.861130020422056,1.0234295879490674,1.2654867256637168
-11.0,0.0,11.0,0.0,-7.760381211708646,1.546083974186331,13.0,11.0,1.0,13.4785568413887,1.4251795248128474,7.760381211708646
-22.0,-11.0,11.0,0.0,-11.674608577263445,2.110894681420177,13.0,0.0,1.0,9.904697072838665,0.8921371530741453,0.6746085772634451
0.0,11.0,11.0,0.0,1.2593601089176312,1.4984641936607659,13.0,22.0,1.0,12.69571136827774,0.7136005880311131,9.740639891082369
-22.0,-11.0,11.0,0.0,-11.946902654867257,1.844578002113849,13.0,0.0,1.0,-4.016337644656229,2.236114466097206,0.946902654867257
0.0,11.0,11.0,0.0,8.10074880871341,2.4157773423939943,13.0,0.0,1.0,10.006807351940095,1.6124096363782883,2.8992511912865897
11.0,22.0,11.0,0.0,23.92784206943499,0.8979833219200373,13.0,11.0,1.0,5.547991831177672,1.054597394540906,-1.9278420694349911
0.0,11.0,11.0,0.0,3.8121170864533696,1.127988887950778,13.0,22.0,1.0,26.140231449965963,0.9399988129734993,7.1878829135466304
11.0,22.0,11.0,0.0,21.78352620830497,0.8129174546338618,13.0,11.0,1.0,11.946902654867257,1.2592033697292209,0.21647379169503012
0.0,11.0,11.0,0.0,3.437712729748128,0.6499144281260669,13.0,0.0,1.0,7.215793056501021,1.2547218627296388,7.562287270251872
0.0,11.0,11.0,0.0,0.7828454731109599,0.610359113663435,13.0,0.0,1.0,2.5527569775357386,1.975388282444328,10.21715452688904
-11.0,0.0,11.0,0.0,14.397549353301565,2.2317920736968517,13.0,11.0,1.0,15.520762423417292,1.8458207622170448,-14.397549353301565
0.0,11.0,11.0,0.0,4.118447923757659,1.2789085265249014,13.0,22.0,1.0,13.240299523485364,0.7295931838452816,6.881552076242341
0.0,11.0,11.0,0.0,5.3097345132743365,0.9986638887785375,13.0,0.0,1.0,4.424778761061947,2.5013269684277475,5.6902654867256635
-22.0,-11.0,11.0,0.0,-9.836623553437713,0.8270382112823427,13.0,0.0,1.0,13.308373042886318,1.4414220205508173,-1.1633764465622871
-11.0,0.0,11.0,0.0,-9.18992511912866,2.349046196322888,13.0,11.0,1.0,5.207624234172907,1.1744249346666038,9.18992511912866
-22.0,-11.0,11.0,0.0,-11.572498298162015,1.4305457845330238,13.0,0.0,1.0,4.731109598366236,1.5276475613936782,0.5724982981620155
11.0,22.0,11.0,0.0,24.098025867937373,1.214689847547561,13.0,11.0,1.0,1.6678012253233492,0.8035637121647596,-2.0980258679373733
11.0,22.0,11.0,0.0,13.716814159292037,1.8146702791564167,13.0,11.0,1.0,8.951667801225323,0.9590492271818221,8.283185840707963
11.0,22.0,11.0,0.0,17.869298842750172,0.8973154267296195,13.0,11.0,1.0,5.922396187882914,0.7451283261179924,4.130701157249828
0.0,11.0,11.0,0.0,6.466984343090538,1.2276833304204047,13.0,0.0,1.0,4.458815520762424,0.7330391639843583,4.533015656909462
-22.0,-11.0,11.0,0.0,-11.606535057862493,1.4347488414496183,13.0,0.0,1.0,-0.7488087134104834,2.104170175269246,0.6065350578624926
11.0,22.0,11.0,0.0,20.42205582028591,4.376825764775276,13.0,11.0,1.0,4.5609257998638535,0.8752395934425294,1.5779441797140912
0.0,11.0,11.0,0.0,0.6126616746085772,0.7574468562379479,13.0,22.0,1.0,15.214431586113003,1.1178864100947976,10.387338325391422
0.0,11.0,11.0,0.0,5.071477195371001,1.167071991134435,13.0,0.0,1.0,2.6548672566371683,2.3379899943247437,5.928522804628999
-22.0,-11.0,11.0,0.0,-14.26140231449966,0.8670727931894362,14.0,0.0,1.0,12.083049693669164,0.7049991097301245,3.2614023144996604
11.0,22.0,11.0,0.0,20.79646017699115,1.053770705126226,14.0,11.0,1.0,12.253233492171546,0.718842058442533,1.2035398230088497
0.0,11.0,11.0,0.0,-3.948264125255276,0.7967144171707332,14.0,0.0,1.0,-5.037440435670525,0.551036408636719,14.948264125255276
-22.0,-11.0,11.0,0.0,-22.872702518720217,0.7999804317951202,14.0,0.0,1.0,-4.2545949625595645,0.6752825803123415,11.872702518720217
11.0,22.0,11.0,0.0,10.07488087134105,0.5642518815584481,14.0,11.0,1.0,24.846834581347856,0.5712205125018954,11.92511912865895
11.0,22.0,11.0,0.0,13.852961198093942,0.5730528943240643,14.0,11.0,1.0,19.707283866575903,0.4880014630034566,8.147038801906058
0.0,11.0,11.0,0.0,7.726344452008169,0.4823249941691756,14.0,0.0,1.0,6.875425459496256,1.306468351278454,3.2736555479918312
0.0,11.0,11.0,0.0,8.032675289312458,0.6321603460237384,14.0,0.0,1.0,-9.394145677331519,2.1588952457532287,2.967324710687542
-11.0,0.0,11.0,0.0,-9.802586793737236,0.8327842927537858,14.0,11.0,1.0,23.655547991831178,1.1310008321888745,9.802586793737236
0.0,11.0,11.0,0.0,4.935330156569095,1.3204421838745475,14.0,0.0,1.0,-7.079646017699115,0.5270983604714274,6.064669843430905
11.0,22.0,11.0,0.0,8.134785568413887,0.6332702967338264,14.0,11.0,1.0,11.980939414567734,0.7571648773737252,13.865214431586113
-22.0,-11.0,11.0,0.0,-17.528931245745405,0.42699682898819447,14.0,0.0,1.0,10.517358747447243,0.5144683383405209,6.5289312457454045
-11.0,0.0,11.0,0.0,-11.81075561606535,0.5031179673969746,14.0,11.0,1.0,17.3927842069435,0.5807105931453407,11.81075561606535
-22.0,-11.0,11.0,0.0,-17.699115044247787,0.6247762856073678,14.0,0.0,1.0,6.671204901293397,0.5174260688945651,6.699115044247787
11.0,22.0,11.0,0.0,12.321307011572499,0.5214295908808708,14.0,11.0,1.0,7.6923076923076925,0.47848796425387263,9.678692988427501
0.0,11.0,11.0,0.0,3.1313818924438395,0.694593801163137,14.0,22.0,1.0,25.221238938053098,0.683949179481715,7.868618107556161
-11.0,0.0,11.0,0.0,-8.951667801225323,0.6806247807107866,14.0,11.0,1.0,15.384615384615385,0.5133131551556289,8.951667801225323
0.0,11.0,11.0,0.0,4.220558202859088,0.9460451579652727,14.0,0.0,1.0,-4.731109598366236,0.6442062007263303,6.779441797140912
0.0,11.0,11.0,0.0,1.974132062627638,1.3798717139288783,14.0,0.0,1.0,5.513955071477196,0.49100474640727043,9.025867937372363
-22.0,-11.0,11.0,0.0,-21.545268890401633,0.7867765068076551,14.0,0.0,1.0,-2.110279101429544,0.5206160550005734,10.545268890401633
0.0,11.0,11.0,0.0,2.1443158611300204,0.7767372252419591,14.0,0.0,1.0,6.05854322668482,0.5689290738664567,8.855684138869979
11.0,22.0,11.0,0.0,10.483321987746766,0.6221396708860993,14.0,11.0,1.0,18.822328114363515,0.45710825733840466,11.516678012253234
0.0,11.0,11.0,0.0,4.356705241660994,0.3802370997145772,14.0,22.0,1.0,19.63921034717495,0.542038107290864,6.643294758339006
0.0,11.0,11.0,0.0,2.6889040163376445,0.395109158474952,14.0,22.0,1.0,13.138189244383936,0.41830520750954747,8.311095983662355
-11.0,0.0,11.0,0.0,-9.598366235534378,0.560372507199645,14.0,11.0,1.0,13.78488767869299,0.8860484627075493,9.598366235534378
11.0,22.0,11.0,0.0,11.538461538461538,0.3645040267147124,14.0,11.0,1.0,11.742682096664398,0.4155139699578285,10.461538461538462
11.0,22.0,11.0,0.0,10.687542545949626,0.39320042775943875,14.0,11.0,1.0,11.91286589516678,0.5062919137999415,11.312457454050374
11.0,22.0,11.0,0.0,9.904697072838665,0.7023159801028669,14.0,11.0,1.0,14.533696392103472,1.3866449808701873,12.095302927161335
11.0,22.0,11.0,0.0,10.823689584751532,0.6739323539659381,14.0,11.0,1.0,21.10279101429544,0.7300102170556784,11.176310415248468
0.0,11.0,11.0,0.0,2.24642614023145,0.6388710578903556,14.0,0.0,1.0,6.603131381892444,0.5344920447096229,8.75357385976855
-22.0,-11.0,11.0,0.0,-20.490129339686863,0.4974421407096088,14.0,0.0,1.0,8.951667801225323,0.6867651185020804,9.490129339686863
0.0,11.0,11.0,0.0,4.288631722260041,1.0222298144362867,14.0,22.0,1.0,14.840027229407761,1.2054650643840432,6.711368277739959
0.0,11.0,11.0,0.0,1.9400953029271615,1.4704427453689277,14.0,22.0,1.0,17.9714091218516,0.6845179493539035,9.059904697072838
-11.0,0.0,11.0,0.0,-8.951667801225323,0.6804242837242782,14.0,11.0,1.0,7.011572498298162,1.6884823348373175,8.951667801225323
11.0,22.0,11.0,0.0,11.776718856364875,0.6988651873543859,14.0,11.0,1.0,16.303607896528252,0.5977229969576001,10.223281143635125
11.0,22.0,11.0,0.0,10.142954390742002,1.7435551472008228,14.0,11.0,1.0,13.750850918992512,3.1335707218386233,11.857045609257998
-22.0,-11.0,11.0,0.0,-16.71204901293397,1.5194647214375436,14.0,0.0,1.0,4.867256637168142,0.6944840895012021,5.712049012933971
-22.0,-11.0,11.0,0.0,-15.759019741320627,2.4304809840396047,15.0,0.0,1.0,-5.650102110279102,1.3679933147504926,4.7590197413206266
0.0,11.0,11.0,0.0,9.530292716133424,1.1199574628844857,15.0,0.0,1.0,1.7018379850238259,0.9838835773989558,1.4697072838665761
-11.0,0.0,11.0,0.0,-3.982300884955752,2.354511581361294,15.0,11.0,1.0,18.005445881552077,1.7456887550652027,3.982300884955752
-22.0,-11.0,11.0,0.0,-11.232130701157251,1.5243837931193411,15.0,0.0,1.0,2.110279101429544,0.8911494249477983,0.2321307011572511
11.0,22.0,11.0,0.0,18.720217835262083,1.774245610460639,15.0,11.0,1.0,17.801225323349218,1.58807059423998,3.2797821647379166
0.0,11.0,11.0,0.0,10.245064669843432,1.660223818384111,15.0,0.0,1.0,-2.825051055139551,0.7728264131583273,0.7549353301565684
0.0,11.0,11.0,0.0,2.5527569775357386,1.283160344697535,15.0,0.0,1.0,2.859087814840027,1.6719960351474583,8.447243022464262
0.0,11.0,11.0,0.0,3.301565690946222,1.1436594054102898,15.0,22.0,1.0,23.587474472430227,1.1800478305667639,7.698434309053778
-22.0,-11.0,11.0,0.0,-13.68277739959156,0.9010668038390577,15.0,0.0,1.0,-8.509189925119129,0.9479134688153863,2.6827773995915596
-11.0,0.0,11.0,0.0,-6.535057862491491,1.9337086635641754,15.0,11.0,1.0,14.703880190605854,1.4987256415188313,6.535057862491491
11.0,22.0,11.0,0.0,20.38801906058543,0.9268471780233085,15.0,11.0,1.0,4.731109598366236,1.0403008414432406,1.6119809394145683
-11.0,0.0,11.0,0.0,1.5316541865214433,2.372793692164123,15.0,11.0,1.0,3.301565690946222,1.2382076536305249,-1.5316541865214433
0.0,11.0,11.0,0.0,9.530292716133424,1.450459779240191,15.0,0.0,1.0,-4.628999319264806,0.9410016182810068,1.4697072838665761
0.0,11.0,11.0,0.0,22.702518720217835,1.1472208723425865,15.0,0.0,1.0,3.165418652144316,1.034545136615634,-11.702518720217835
0.0,11.0,11.0,0.0,4.833219877467665,1.124848945531994,15.0,22.0,1.0,23.110959836623554,0.9767564730718732,6.166780122532335
-22.0,-11.0,11.0,0.0,-17.9714091218516,1.112475238274783,15.0,0.0,1.0,-4.526889040163376,0.8811585833318532,6.9714091218516
0.0,11.0,11.0,0.0,3.6419332879509874,2.09380721161142,15.0,22.0,1.0,15.418652144315862,1.013511246535927,7.358066712049013
-22.0,-11.0,11.0,0.0,-15.112321307011573,0.9831303502433002,15.0,0.0,1.0,-3.165418652144316,0.614621517714113,4.112321307011573
0.0,11.0,11.0,0.0,13.852961198093942,1.2157443007454276,15.0,0.0,1.0,5.6160653505786255,1.1783315767534077,-2.8529611980939418
0.0,11.0,11.0,0.0,6.773315180394826,1.3180865859612823,15.0,22.0,1.0,28.62491490810075,0.8623750703409314,4.226684819605174
11.0,22.0,11.0,0.0,21.613342409802588,0.9670415157452226,15.0,11.0,1.0,4.833219877467665,0.6335420105606318,0.3866575901974123
-11.0,0.0,11.0,0.0,-6.160653505786249,1.5381173500791192,15.0,11.0,1.0,18.37985023825732,1.2208362808451056,6.160653505786249
11.0,22.0,11.0,0.0,16.98434309053778,1.5041971220634878,15.0,11.0,1.0,16.541865214431585,1.879048714414239,5.015656909462219
-22.0,-11.0,11.0,0.0,-17.76718856364874,1.0072631211951375,15.0,0.0,1.0,-4.39074200136147,0.8973317868076265,6.767188563648741
11.0,22.0,11.0,0.0,12.287270251872021,1.595374135300517,15.0,11.0,1.0,17.324710687542545,1.0428620693273842,9.712729748127979
11.0,22.0,11.0,0.0,19.23076923076923,0.6635549543425441,15.0,11.0,1.0,19.128658951667802,0.9884545858949423,2.76923076923077
-22.0,-11.0,11.0,0.0,-19.16269571136828,1.3624881505966187,15.0,0.0,1.0,-4.356705241660994,0.7675214251503348,8.16269571136828
-11.0,0.0,11.0,0.0,-4.833219877467665,1.1456191423349082,15.0,11.0,1.0,7.181756296800545,1.0003955401480198,4.833219877467665
0.0,11.0,11.0,0.0,13.614703880190607,0.7314008641988039,15.0,22.0,1.0,19.36691626957114,1.2750884993001819,-2.614703880190607
11.0,22.0,11.0,0.0,18.209666439754937,0.8800329137593508,15.0,11.0,1.0,12.627637848876788,1.0697568855248392,3.790333560245063
0.0,11.0,11.0,0.0,15.861130020422056,0.8514353176578879,15.0,0.0,1.0,2.961198093941457,0.8433753410354257,-4.861130020422056
-11.0,0.0,11.0,0.0,-14.057181756296801,1.7713616625405848,15.0,11.0,1.0,17.222600408441117,0.90451535070315,14.057181756296801
11.0,22.0,11.0,0.0,20.285908781484004,1.1190569908358157,15.0,11.0,1.0,16.33764465622873,1.0054182284511626,1.7140912185159962
-22.0,-11.0,11.0,0.0,-15.793056501021104,1.0305762602947652,16.0,0.0,1.0,-5.411844792375766,1.4977247612550855,4.793056501021104
0.0,11.0,11.0,0.0,5.207624234172907,1.0365809020586312,16.0,0.0,1.0,-0.17018379850238258,1.0337588679976761,5.792375765827093
-11.0,0.0,11.0,0.0,0.06807351940095303,1.5044835917651653,16.0,11.0,1.0,12.457454050374405,1.5120546761900187,-0.06807351940095303
-22.0,-11.0,11.0,0.0,-18.345813478556842,2.1077980464324355,16.0,0.0,1.0,-0.03403675970047652,2.0075948229059577,7.345813478556842
11.0,22.0,11.0,0.0,15.963240299523486,1.9905856270343065,16.0,11.0,1.0,11.878829135466304,1.2548501803539693,6.036759700476514
0.0,11.0,11.0,0.0,8.849557522123893,1.1939870174974203,16.0,0.0,1.0,-0.2042205582028591,0.5727022653445601,2.1504424778761067
0.0,11.0,11.0,0.0,4.697072838665759,0.7163174008019269,16.0,0.0,1.0,-0.34036759700476515,1.488407910335809,6.302927161334241
0.0,11.0,11.0,0.0,5.684138869979578,0.9434454352594912,16.0,22.0,1.0,23.315180394826413,1.030282411724329,5.315861130020422
-22.0,-11.0,11.0,0.0,-17.426820966643977,2.8842035704292357,16.0,0.0,1.0,-0.10211027910142954,1.698124151211232,6.426820966643977
-11.0,0.0,11.0,0.0,-0.3744043567052417,2.2836672007106245,16.0,11.0,1.0,7.930565010211028,0.7985994084738195,0.3744043567052417
11.0,22.0,11.0,0.0,15.690946221919674,1.493459148798138,16.0,11.0,1.0,11.130020422055821,2.242939060088247,6.309053778080326
-11.0,0.0,11.0,0.0,0.5105513955071478,0.8727742838673294,16.0,11.0,1.0,19.33287950987066,1.417885286733508,-0.5105513955071478
0.0,11.0,11.0,0.0,13.240299523485364,1.2165818964131176,16.0,0.0,1.0,-3.5398230088495577,0.9077730248682201,-2.2402995234853638
0.0,11.0,11.0,0.0,0.10211027910142954,0.7773406407795846,16.0,0.0,1.0,-0.13614703880190607,0.9847567812539637,10.89788972089857
0.0,11.0,11.0,0.0,10.245064669843432,1.57469632755965,16.0,22.0,1.0,21.511232130701156,0.9599968562833965,0.7549353301565684
-22.0,-11.0,11.0,0.0,-16.235534377127298,1.2294303802773356,16.0,0.0,1.0,-0.27229407760381213,1.2312005273997784,5.235534377127298
0.0,11.0,11.0,0.0,13.138189244383936,0.8271543392911553,16.0,22.0,1.0,25.629680054458817,1.0636467020958662,-2.138189244383936
-22.0,-11.0,11.0,0.0,-19.63921034717495,1.2663994440808892,16.0,0.0,1.0,-0.2382573179033356,1.2174156429246068,8.639210347174949
0.0,11.0,11.0,0.0,10.108917631041525,2.23237495822832,16.0,0.0,1.0,0.2042205582028591,0.7119250753894448,0.8910823689584753
0.0,11.0,11.0,0.0,0.5786249149081008,0.868894909042865,16.0,22.0,1.0,17.903335602450646,0.9456723942421377,10.4213750850919
11.0,22.0,11.0,0.0,21.749489448604493,0.9003023491241038,16.0,11.0,1.0,12.525527569775358,0.9636321058496833,0.25051055139550726
-11.0,0.0,11.0,0.0,-0.2382573179033356,0.9031638409942389,16.0,11.0,1.0,10.755616065350578,0.853919233661145,0.2382573179033356
11.0,22.0,11.0,0.0,20.694349897889722,0.8541928716003895,16.0,11.0,1.0,10.176991150442479,0.945759650785476,1.3056501021102775
-22.0,-11.0,11.0,0.0,-21.545268890401633,1.1243327860720456,16.0,0.0,1.0,2.314499659632403,1.9472635379061103,10.545268890401633
11.0,22.0,11.0,0.0,9.836623553437713,3.5617888174019754,16.0,11.0,1.0,12.49149081007488,1.0421733222901821,12.163376446562287
11.0,22.0,11.0,0.0,23.859768550034037,0.9636805457994342,16.0,11.0,1.0,15.384615384615385,1.8550795493647456,-1.8597685500340368
-22.0,-11.0,11.0,0.0,-15.14635806671205,0.8792443997226655,16.0,0.0,1.0,-0.4084411164057182,0.6336866887286305,4.14635806671205
-11.0,0.0,11.0,0.0,0.3063308373042886,0.24573735566809773,16.0,11.0,1.0,9.08781484002723,0.5839644176885486,-0.3063308373042886
0.0,11.0,11.0,0.0,0.13614703880190607,0.43139685364440084,16.0,22.0,1.0,23.6215112321307,0.7750739031471312,10.863852961198093
11.0,22.0,11.0,0.0,14.36351259360109,1.430848294403404,16.0,11.0,1.0,11.368277739959156,0.9027529028244317,7.63648740639891
0.0,11.0,11.0,0.0,10.245064669843432,0.901095675304532,16.0,0.0,1.0,0.2042205582028591,1.0935759185813367,0.7549353301565684
-11.0,0.0,11.0,0.0,0.5445881552076243,0.3380137332715094,16.0,11.0,1.0,19.16269571136828,0.9708217647857964,-0.5445881552076243
11.0,22.0,11.0,0.0,10.925799863852962,0.8690290013328195,16.0,11.0,1.0,9.97277059223962,1.205525053665042,11.074200136147038
-22.0,-11.0,11.0,0.0,-15.418652144315862,2.0338143655098975,17.0,0.0,1.0,-5.0034036759700475,1.6049495469778776,4.418652144315862
11.0,22.0,11.0,0.0,10.245064669843432,1.101015156134963,17.0,11.0,1.0,19.571136827773998,2.588706730864942,11.754935330156568
0.0,11.0,11.0,0.0,3.02927161334241,5.146494912914932,17.0,0.0,1.0,-3.7780803267528933,1.1844946914352477,7.970728386657591
-22.0,-11.0,11.0,0.0,-22.600408441116407,1.3026463990099728,17.0,0.0,1.0,-5.650102110279102,2.2084487793035805,11.600408441116407
11.0,22.0,11.0,0.0,17.699115044247787,0.9507682244293392,17.0,11.0,1.0,13.070115724982982,1.7035009968094528,4.300884955752213
11.0,22.0,11.0,0.0,9.632402995234854,1.1232712757773697,17.0,11.0,1.0,18.481960517358747,1.604719857685268,12.367597004765146
0.0,11.0,11.0,0.0,1.7018379850238259,3.6630981424823403,17.0,0.0,1.0,-6.432947583390061,2.0925464872270823,9.298162014976175
0.0,11.0,11.0,0.0,0.2042205582028591,1.115592083428055,17.0,0.0,1.0,-3.6078965282505107,2.1254780245944858,10.79577944179714
-11.0,0.0,11.0,0.0,-8.509189925119129,1.1518505862914026,17.0,11.0,1.0,14.737916950306332,4.364081218838692,8.509189925119129
0.0,11.0,11.0,0.0,2.3485364193328797,1.7869728333316743,17.0,0.0,1.0,-2.7229407760381212,0.8435668558813632,8.65146358066712
11.0,22.0,11.0,0.0,16.848196051735876,1.7169477632269263,17.0,11.0,1.0,18.107556160653505,3.9903998873196542,5.151803948264124
-22.0,-11.0,11.0,0.0,-16.848196051735876,1.077022252138704,17.0,0.0,1.0,-5.343771272974813,1.6811034069396555,5.848196051735876
-11.0,0.0,11.0,0.0,-7.6923076923076925,1.0533308954909444,17.0,11.0,1.0,19.673247106875426,1.2305813925340772,7.6923076923076925
-22.0,-11.0,11.0,0.0,-17.3927842069435,0.9756686571054161,17.0,0.0,1.0,-7.283866575901975,2.11736608017236,6.3927842069434995
11.0,22.0,11.0,0.0,10.891763104152485,1.521460387390107,17.0,11.0,1.0,12.185159972770593,1.078734335489571,11.108236895847515
0.0,11.0,11.0,0.0,-0.06807351940095303,1.7943177572451532,17.0,22.0,1.0,25.97004765146358,1.6173136299476027,11.068073519400953
-11.0,0.0,11.0,0.0,-9.360108917631042,1.2804499473422766,17.0,11.0,1.0,15.656909462219197,2.6796521297656,9.360108917631042
0.0,11.0,11.0,0.0,1.0211027910142956,0.880715565290302,17.0,0.0,1.0,-11.198093941456774,1.4610424879938364,9.978897208985705
0.0,11.0,11.0,0.0,9.019741320626277,1.5965100703760982,17.0,0.0,1.0,-3.505786249149081,1.3255518074147403,1.9802586793737227
-22.0,-11.0,11.0,0.0,-19.128658951667802,0.8699657227844,17.0,0.0,1.0,-5.786249149081008,1.3206455679610372,8.128658951667802
0.0,11.0,11.0,0.0,17.29067392784207,0.975396622903645,17.0,0.0,1.0,-3.301565690946222,5.185484344139695,-6.290673927842072
11.0,22.0,11.0,0.0,14.703880190605854,0.9890637756325305,17.0,11.0,1.0,8.509189925119129,1.2736747558228672,7.2961198093941455
0.0,11.0,11.0,0.0,18.413886997957796,1.096863105893135,17.0,22.0,1.0,24.676650782845474,1.1921276892535388,-7.413886997957796
0.0,11.0,11.0,0.0,8.373042886317222,1.1451841443777084,17.0,22.0,1.0,23.008849557522126,1.284495493862778,2.626957113682778
-11.0,0.0,11.0,0.0,-7.896528250510552,1.0435078297741711,17.0,11.0,1.0,16.91626957113683,1.2361231273971498,7.896528250510552
11.0,22.0,11.0,0.0,13.921034717494894,1.1144734709523618,17.0,11.0,1.0,20.864533696392105,1.5129997385665774,8.078965282505106
11.0,22.0,11.0,0.0,12.01497617426821,1.6430847011506557,17.0,11.0,1.0,14.635806671204902,1.7061834852211177,9.98502382573179
11.0,22.0,11.0,0.0,19.060585432266848,1.102099764160812,17.0,11.0,1.0,7.862491490810076,1.7533849491737783,2.9394145677331522
11.0,22.0,11.0,0.0,12.525527569775358,1.2237208695150912,17.0,11.0,1.0,9.053778080326753,0.9806121089495718,9.474472430224642
0.0,11.0,11.0,0.0,22.464261402314502,1.0906627788208425,17.0,0.0,1.0,-3.948264125255276,0.9178145518526435,-11.464261402314502
-22.0,-11.0,11.0,0.0,-17.18856364874064,0.9307708223350346,17.0,0.0,1.0,-8.236895847515317,0.5869805328547955,6.18856364874064
0.0,11.0,11.0,0.0,3.7100068073519403,1.5889723491854966,17.0,22.0,1.0,24.880871341048334,1.5903017236851156,7.28999319264806
0.0,11.0,11.0,0.0,5.786249149081008,1.5200861017219722,17.0,22.0,1.0,24.948944860449288,1.202266737818718,5.213750850918992
-11.0,0.0,11.0,0.0,-4.288631722260041,0.9304346293210983,17.0,11.0,1.0,19.60517358747447,1.1255713761784136,4.288631722260041
11.0,22.0,11.0,0.0,20.21783526208305,1.0324160195887089,17.0,11.0,1.0,16.03131381892444,1.5641505108214915,1.7821647379169505
11.0,22.0,11.0,0.0,20.11572498298162,1.3605996300466359,17.0,11.0,1.0,17.018379850238258,1.4671478592790663,1.8842750170183784
-22.0,-11.0,11.0,0.0,-18.209666439754937,0.9221481718122959,17.0,0.0,1.0,-6.432947583390061,1.3598553854972124,7.209666439754937
-22.0,-11.0,11.0,0.0,-9.734513274336283,1.5840189522132277,18.0,0.0,1.0,3.6078965282505107,1.6049399231560528,-1.2654867256637168
11.0,22.0,11.0,0.0,4.152484683458135,2.5202423287555575,18.0,11.0,1.0,2.6889040163376445,2.685934901237488,17.847515316541866
0.0,11.0,11.0,0.0,4.5609257998638535,2.74708710052073,18.0,0.0,1.0,-4.765146358066712,2.351473652292043,6.4390742001361465
-22.0,-11.0,11.0,0.0,-7.726344452008169,1.5860819853842258,18.0,0.0,1.0,-4.288631722260041,2.9419813263230026,-3.2736555479918312
11.0,22.0,11.0,0.0,5.786249149081008,2.084252330940217,18.0,11.0,1.0,4.731109598366236,3.054738223552704,16.21375085091899
11.0,22.0,11.0,0.0,7.181756296800545,1.0900417193770409,18.0,11.0,1.0,4.322668481960518,2.554636370856315,14.818243703199455
0.0,11.0,11.0,0.0,5.173587474472431,1.5826908610761166,18.0,0.0,1.0,2.7229407760381212,3.106563306879252,5.826412525527569
0.0,11.0,11.0,0.0,2.893124574540504,2.5157130234874785,18.0,0.0,1.0,4.322668481960518,2.89228118956089,8.106875425459496
-11.0,0.0,11.0,0.0,-6.092579986385297,2.319308494217694,18.0,11.0,1.0,5.0034036759700475,3.1812700596638024,6.092579986385297
0.0,11.0,11.0,0.0,2.450646698434309,2.2036265884526074,18.0,0.0,1.0,-5.888359428182437,3.5770297907292843,8.549353301565692
11.0,22.0,11.0,0.0,6.296800544588155,3.5502257593907416,18.0,11.0,1.0,3.5398230088495577,1.9703110591508448,15.703199455411845
-22.0,-11.0,11.0,0.0,-11.266167460857726,3.893656438216567,18.0,0.0,1.0,3.1994554118447924,5.097774805035442,0.26616746085772647
-11.0,0.0,11.0,0.0,4.39074200136147,2.96993316244334,18.0,11.0,1.0,4.833219877467665,2.9142585387453437,-4.39074200136147
-22.0,-11.0,11.0,0.0,-11.061946902654867,1.5097898631356657,18.0,0.0,1.0,-2.961198093941457,4.034241985529661,0.06194690265486713
11.0,22.0,11.0,0.0,7.862491490810076,2.2884508967399597,18.0,11.0,1.0,4.901293396868618,4.162230873014778,14.137508509189924
0.0,11.0,11.0,0.0,3.982300884955752,2.376994182355702,18.0,22.0,1.0,1.8379850238257318,1.3008916499093175,7.017699115044248
-11.0,0.0,11.0,0.0,-5.7522123893805315,1.3973309849388897,18.0,11.0,1.0,5.990469707283867,1.796626839786768,5.7522123893805315
0.0,11.0,11.0,0.0,4.288631722260041,1.9806932704523206,18.0,0.0,1.0,1.974132062627638,5.1605556812137365,6.711368277739959
0.0,11.0,11.0,0.0,4.5609257998638535,2.2134262355975807,18.0,0.0,1.0,3.7780803267528933,3.425426537171006,6.4390742001361465
-22.0,-11.0,11.0,0.0,-8.236895847515317,4.269925302825868,18.0,0.0,1.0,-3.982300884955752,2.9707338670268655,-2.763104152484683
0.0,11.0,11.0,0.0,1.9400953029271615,3.8267924822866917,18.0,0.0,1.0,2.791014295439074,4.602577267680317,9.059904697072838
11.0,22.0,11.0,0.0,6.092579986385297,1.2558504194021225,18.0,11.0,1.0,5.241660993873383,6.671002211980522,15.907420013614704
0.0,11.0,11.0,0.0,5.27569775357386,2.163735401816666,18.0,22.0,1.0,7.011572498298162,6.741821570787579,5.72430224642614
0.0,11.0,11.0,0.0,5.4458815520762425,1.7120235590264201,18.0,22.0,1.0,2.9271613342409806,2.5183502789586782,5.5541184479237575
-11.0,0.0,11.0,0.0,-4.424778761061947,6.160180350765586,18.0,11.0,1.0,5.1395507147719535,6.9525704509578645,4.424778761061947
11.0,22.0,11.0,0.0,7.045609257998639,4.097700380720198,18.0,11.0,1.0,2.5527569775357386,5.88207349088043,14.954390742001362
11.0,22.0,11.0,0.0,6.1946902654867255,1.3921158197335899,18.0,11.0,1.0,4.288631722260041,1.9566272250376642,15.805309734513274
11.0,22.0,11.0,0.0,8.747447243022464,5.485511772334576,18.0,11.0,1.0,5.1395507147719535,4.636736487504095,13.252552756977536
11.0,22.0,11.0,0.0,7.488087134104833,6.7736415532417595,18.0,11.0,1.0,5.6160653505786255,3.7954774312675,14.511912865895166
0.0,11.0,11.0,0.0,2.5867937372362153,2.0412321095354855,18.0,0.0,1.0,3.914227365554799,2.851410936564207,8.413206262763785
-22.0,-11.0,11.0,0.0,-8.577263444520081,1.8642667988315225,18.0,0.0,1.0,5.718175629680054,1.9703299859538674,-2.4227365554799185
0.0,11.0,11.0,0.0,7.794417971409122,1.888784202747047,18.0,22.0,1.0,3.3356024506466984,2.8403492816723883,3.205582028590878
0.0,11.0,11.0,0.0,5.071477195371001,2.2871616212651134,18.0,22.0,1.0,5.650102110279102,2.218876543454826,5.928522804628999
-11.0,0.0,11.0,0.0,-6.432947583390061,2.7804151410236955,18.0,11.0,1.0,2.9952348536419335,3.7087212949991226,6.432947583390061
11.0,22.0,11.0,0.0,7.760381211708646,1.365757373161614,18.0,11.0,1.0,7.6923076923076925,3.7142941462807357,14.239618788291354
11.0,22.0,11.0,0.0,8.066712049012935,2.2274587736465037,18.0,11.0,1.0,4.969366916269571,5.766853850800544,13.933287950987065
-22.0,-11.0,11.0,0.0,-10.347174948944861,2.9553138902410865,18.0,0.0,1.0,1.6337644656228727,5.560969506856054,-0.6528250510551388
-22.0,-11.0,11.0,0.0,-6.569094622191968,6.630438639316708,19.0,0.0,1.0,-2.2804628999319267,4.767495119944215,-4.430905377808032
0.0,11.0,11.0,0.0,3.0633083730428865,2.0866425749845803,19.0,0.0,1.0,3.573859768550034,2.6003637816756964,7.9366916269571135
-11.0,0.0,11.0,0.0,3.7440435670524166,6.47086844034493,19.0,11.0,1.0,5.241660993873383,3.993832714855671,-3.7440435670524166
-22.0,-11.0,11.0,0.0,-7.828454731109598,9.090829591732472,19.0,0.0,1.0,4.084411164057182,6.024187626317143,-3.1715452688904016
11.0,22.0,11.0,0.0,5.071477195371001,4.640699590090662,19.0,11.0,1.0,12.49149081007488,8.571023223921657,16.928522804628997
0.0,11.0,11.0,0.0,2.450646698434309,5.393691885750741,19.0,0.0,1.0,12.627637848876788,8.055848174262792,8.549353301565692
0.0,11.0,11.0,0.0,0.7147719537100068,3.9330892083235085,19.0,0.0,1.0,19.60517358747447,17.45412742951885,10.285228046289994
0.0,11.0,11.0,0.0,5.4458815520762425,2.9433167963288724,19.0,22.0,1.0,2.450646698434309,6.263377876020968,5.5541184479237575
-22.0,-11.0,11.0,0.0,-7.181756296800545,10.184155290480703,19.0,0.0,1.0,2.5527569775357386,6.231139897368848,-3.818243703199455
-11.0,0.0,11.0,0.0,2.450646698434309,10.466627850662917,19.0,11.0,1.0,4.016337644656229,4.865114660002291,-2.450646698434309
11.0,22.0,11.0,0.0,5.888359428182437,3.576755831949413,19.0,11.0,1.0,7.420013614703881,8.609521838836372,16.111640571817563
-11.0,0.0,11.0,0.0,-6.160653505786249,6.772444025147706,19.0,11.0,1.0,1.123213070115725,2.9547329302877188,6.160653505786249
0.0,11.0,11.0,0.0,4.322668481960518,4.369824091903865,19.0,0.0,1.0,-2.4166099387338327,3.122106468770653,6.677331518039482
0.0,11.0,11.0,0.0,-0.0,2.3304140982218087,19.0,0.0,1.0,0.5105513955071478,1.8346506780944765,11.0
0.0,11.0,11.0,0.0,4.050374404356705,4.541285200975835,19.0,22.0,1.0,13.512593601089177,6.743044441565871,6.949625595643295
-22.0,-11.0,11.0,0.0,0.5105513955071478,13.56104168575257,19.0,0.0,1.0,0.8168822328114363,1.714486623648554,-11.510551395507148
0.0,11.0,11.0,0.0,0.2382573179033356,2.6603463627398014,19.0,22.0,1.0,6.977535738597686,8.130854228977114,10.761742682096664
-22.0,-11.0,11.0,0.0,-8.577263444520081,3.283029781188816,19.0,0.0,1.0,5.820285908781484,14.066888336092234,-2.4227365554799185
0.0,11.0,11.0,0.0,5.207624234172907,24.381393565796316,19.0,0.0,1.0,-1.4295439074200136,5.578126267995685,5.792375765827093
0.0,11.0,11.0,0.0,2.3485364193328797,3.852308521512896,19.0,22.0,1.0,7.590197413206263,6.576759039890021,8.65146358066712
11.0,22.0,11.0,0.0,8.168822328114365,2.7003681119531393,19.0,11.0,1.0,8.88359428182437,1.9671945348381996,13.831177671885635
-11.0,0.0,11.0,0.0,4.050374404356705,7.104599399026483,19.0,11.0,1.0,9.29203539823009,2.6537476084195077,-4.050374404356705
11.0,22.0,11.0,0.0,9.700476514635808,5.3873334070667624,19.0,11.0,1.0,7.964601769911504,12.261889707762748,12.299523485364192
-22.0,-11.0,11.0,0.0,-6.330837304288632,5.957526734564453,19.0,0.0,1.0,15.180394826412526,5.96366482693702,-4.669162695711368
11.0,22.0,11.0,0.0,10.891763104152485,4.961746151559055,19.0,11.0,1.0,14.125255275697754,3.3426707149483263,11.108236895847515
11.0,22.0,11.0,0.0,10.313138189244384,2.912816243711859,19.0,11.0,1.0,7.862491490810076,3.105015149805695,11.686861810755616
-22.0,-11.0,11.0,0.0,2.9271613342409806,22.62834609299898,19.0,0.0,1.0,6.569094622191968,6.367171116638929,-13.927161334240981
-11.0,0.0,11.0,0.0,6.73927842069435,7.711847442667931,19.0,11.0,1.0,11.164057181756297,4.91705202171579,-6.73927842069435
0.0,11.0,11.0,0.0,7.556160653505787,8.297543512191623,19.0,22.0,1.0,16.167460857726343,6.291551060043275,3.4438393464942134
11.0,22.0,11.0,0.0,11.198093941456774,2.7140503423288465,19.0,11.0,1.0,15.418652144315862,7.069181699771434,10.801906058543226
0.0,11.0,11.0,0.0,10.687542545949626,5.267856495454907,19.0,0.0,1.0,14.56773315180395,7.6762918015010655,0.3124574540503744
-11.0,0.0,11.0,0.0,0.5105513955071478,10.304440926294774,19.0,11.0,1.0,10.585432266848196,11.753869991283864,-0.5105513955071478
11.0,22.0,11.0,0.0,11.266167460857726,5.052481109276414,19.0,11.0,1.0,16.40571817562968,8.634947734419256,10.733832539142274
